{
  "fio version" : "fio-3.30",
  "timestamp" : 1689633970,
  "timestamp_ms" : 1689633970086,
  "time" : "Mon Jul 17 22:46:10 2023",
  "jobs" : [
    {
      "jobname" : "al-randwrite",
      "groupid" : 0,
      "error" : 0,
      "eta" : 0,
      "elapsed" : 11,
      "job options" : {
        "name" : "al-randwrite",
        "filename" : "/mnt/a",
        "iodepth" : "1",
        "rw" : "randwrite",
        "size" : "1G",
        "bs" : "4K",
        "numjobs" : "1",
        "runtime" : "60",
        "direct" : "1"
      },
      "read" : {
        "io_bytes" : 0,
        "io_kbytes" : 0,
        "bw_bytes" : 0,
        "bw" : 0,
        "iops" : 0.000000,
        "runtime" : 0,
        "total_ios" : 0,
        "short_ios" : 0,
        "drop_ios" : 0,
        "slat_ns" : {
          "min" : 0,
          "max" : 0,
          "mean" : 0.000000,
          "stddev" : 0.000000,
          "N" : 0
        },
        "clat_ns" : {
          "min" : 0,
          "max" : 0,
          "mean" : 0.000000,
          "stddev" : 0.000000,
          "N" : 0
        },
        "lat_ns" : {
          "min" : 0,
          "max" : 0,
          "mean" : 0.000000,
          "stddev" : 0.000000,
          "N" : 0
        },
        "bw_min" : 0,
        "bw_max" : 0,
        "bw_agg" : 0.000000,
        "bw_mean" : 0.000000,
        "bw_dev" : 0.000000,
        "bw_samples" : 0,
        "iops_min" : 0,
        "iops_max" : 0,
        "iops_mean" : 0.000000,
        "iops_stddev" : 0.000000,
        "iops_samples" : 0
      },
      "write" : {
        "io_bytes" : 1073741824,
        "io_kbytes" : 1048576,
        "bw_bytes" : 99929439,
        "bw" : 97587,
        "iops" : 24396.835738,
        "runtime" : 10745,
        "total_ios" : 262144,
        "short_ios" : 0,
        "drop_ios" : 0,
        "slat_ns" : {
          "min" : 0,
          "max" : 0,
          "mean" : 0.000000,
          "stddev" : 0.000000,
          "N" : 0
        },
        "clat_ns" : {
          "min" : 31320,
          "max" : 6742513,
          "mean" : 40428.971912,
          "stddev" : 13747.270629,
          "N" : 262144,
          "percentile" : {
            "1.000000" : 34560,
            "5.000000" : 36096,
            "10.000000" : 37120,
            "20.000000" : 38656,
            "30.000000" : 39680,
            "40.000000" : 40192,
            "50.000000" : 40704,
            "60.000000" : 40704,
            "70.000000" : 41216,
            "80.000000" : 41728,
            "90.000000" : 42240,
            "95.000000" : 43776,
            "99.000000" : 47360,
            "99.500000" : 49920,
            "99.900000" : 66048,
            "99.950000" : 79360,
            "99.990000" : 179200
          }
        },
        "lat_ns" : {
          "min" : 31390,
          "max" : 6742564,
          "mean" : 40521.467037,
          "stddev" : 13750.613299,
          "N" : 262144
        },
        "bw_min" : 96112,
        "bw_max" : 99760,
        "bw_agg" : 100.000000,
        "bw_mean" : 97597.333333,
        "bw_dev" : 1183.633277,
        "bw_samples" : 21,
        "iops_min" : 24028,
        "iops_max" : 24940,
        "iops_mean" : 24399.333333,
        "iops_stddev" : 295.908319,
        "iops_samples" : 21
      },
      "trim" : {
        "io_bytes" : 0,
        "io_kbytes" : 0,
        "bw_bytes" : 0,
        "bw" : 0,
        "iops" : 0.000000,
        "runtime" : 0,
        "total_ios" : 0,
        "short_ios" : 0,
        "drop_ios" : 0,
        "slat_ns" : {
          "min" : 0,
          "max" : 0,
          "mean" : 0.000000,
          "stddev" : 0.000000,
          "N" : 0
        },
        "clat_ns" : {
          "min" : 0,
          "max" : 0,
          "mean" : 0.000000,
          "stddev" : 0.000000,
          "N" : 0
        },
        "lat_ns" : {
          "min" : 0,
          "max" : 0,
          "mean" : 0.000000,
          "stddev" : 0.000000,
          "N" : 0
        },
        "bw_min" : 0,
        "bw_max" : 0,
        "bw_agg" : 0.000000,
        "bw_mean" : 0.000000,
        "bw_dev" : 0.000000,
        "bw_samples" : 0,
        "iops_min" : 0,
        "iops_max" : 0,
        "iops_mean" : 0.000000,
        "iops_stddev" : 0.000000,
        "iops_samples" : 0
      },
      "sync" : {
        "total_ios" : 0,
        "lat_ns" : {
          "min" : 0,
          "max" : 0,
          "mean" : 0.000000,
          "stddev" : 0.000000,
          "N" : 0
        }
      },
      "job_runtime" : 10744,
      "usr_cpu" : 8.823529,
      "sys_cpu" : 18.373045,
      "ctx" : 262145,
      "majf" : 0,
      "minf" : 12,
      "iodepth_level" : {
        "1" : 100.000000,
        "2" : 0.000000,
        "4" : 0.000000,
        "8" : 0.000000,
        "16" : 0.000000,
        "32" : 0.000000,
        ">=64" : 0.000000
      },
      "iodepth_submit" : {
        "0" : 0.000000,
        "4" : 100.000000,
        "8" : 0.000000,
        "16" : 0.000000,
        "32" : 0.000000,
        "64" : 0.000000,
        ">=64" : 0.000000
      },
      "iodepth_complete" : {
        "0" : 0.000000,
        "4" : 100.000000,
        "8" : 0.000000,
        "16" : 0.000000,
        "32" : 0.000000,
        "64" : 0.000000,
        ">=64" : 0.000000
      },
      "latency_ns" : {
        "2" : 0.000000,
        "4" : 0.000000,
        "10" : 0.000000,
        "20" : 0.000000,
        "50" : 0.000000,
        "100" : 0.000000,
        "250" : 0.000000,
        "500" : 0.000000,
        "750" : 0.000000,
        "1000" : 0.000000
      },
      "latency_us" : {
        "2" : 0.000000,
        "4" : 0.000000,
        "10" : 0.000000,
        "20" : 0.000000,
        "50" : 99.520874,
        "100" : 0.444794,
        "250" : 0.030518,
        "500" : 0.010000,
        "750" : 0.010000,
        "1000" : 0.000000
      },
      "latency_ms" : {
        "2" : 0.000000,
        "4" : 0.000000,
        "10" : 0.010000,
        "20" : 0.000000,
        "50" : 0.000000,
        "100" : 0.000000,
        "250" : 0.000000,
        "500" : 0.000000,
        "750" : 0.000000,
        "1000" : 0.000000,
        "2000" : 0.000000,
        ">=2000" : 0.000000
      },
      "latency_depth" : 1,
      "latency_target" : 0,
      "latency_percentile" : 100.000000,
      "latency_window" : 0
    }
  ],
  "disk_util" : [
    {
      "name" : "sda",
      "read_ios" : 0,
      "write_ios" : 259658,
      "read_merges" : 0,
      "write_merges" : 10,
      "read_ticks" : 0,
      "write_ticks" : 9398,
      "in_queue" : 9760,
      "util" : 99.161855
    }
  ]
}
