benchmark_name,benchmark_result
sev-snp,357.29826259613037
nosev,319.93260073661804

