{
  "fio version" : "fio-3.30",
  "timestamp" : 1689532222,
  "timestamp_ms" : 1689532222409,
  "time" : "Sun Jul 16 18:30:22 2023",
  "jobs" : [
    {
      "jobname" : "average_latency-randwrite",
      "groupid" : 0,
      "error" : 0,
      "eta" : 0,
      "elapsed" : 12,
      "job options" : {
        "name" : "average_latency-randwrite",
        "filename" : "/mnt/a",
        "iodepth" : "1",
        "rw" : "randwrite",
        "size" : "1G",
        "bs" : "4K",
        "numjobs" : "1",
        "runtime" : "60",
        "direct" : "1"
      },
      "read" : {
        "io_bytes" : 0,
        "io_kbytes" : 0,
        "bw_bytes" : 0,
        "bw" : 0,
        "iops" : 0.000000,
        "runtime" : 0,
        "total_ios" : 0,
        "short_ios" : 0,
        "drop_ios" : 0,
        "slat_ns" : {
          "min" : 0,
          "max" : 0,
          "mean" : 0.000000,
          "stddev" : 0.000000,
          "N" : 0
        },
        "clat_ns" : {
          "min" : 0,
          "max" : 0,
          "mean" : 0.000000,
          "stddev" : 0.000000,
          "N" : 0
        },
        "lat_ns" : {
          "min" : 0,
          "max" : 0,
          "mean" : 0.000000,
          "stddev" : 0.000000,
          "N" : 0
        },
        "bw_min" : 0,
        "bw_max" : 0,
        "bw_agg" : 0.000000,
        "bw_mean" : 0.000000,
        "bw_dev" : 0.000000,
        "bw_samples" : 0,
        "iops_min" : 0,
        "iops_max" : 0,
        "iops_mean" : 0.000000,
        "iops_stddev" : 0.000000,
        "iops_samples" : 0
      },
      "write" : {
        "io_bytes" : 1073741824,
        "io_kbytes" : 1048576,
        "bw_bytes" : 97057021,
        "bw" : 94782,
        "iops" : 23695.561783,
        "runtime" : 11063,
        "total_ios" : 262144,
        "short_ios" : 0,
        "drop_ios" : 0,
        "slat_ns" : {
          "min" : 0,
          "max" : 0,
          "mean" : 0.000000,
          "stddev" : 0.000000,
          "N" : 0
        },
        "clat_ns" : {
          "min" : 31390,
          "max" : 6504305,
          "mean" : 41695.817780,
          "stddev" : 18050.404382,
          "N" : 262144,
          "percentile" : {
            "1.000000" : 35072,
            "5.000000" : 36096,
            "10.000000" : 37632,
            "20.000000" : 39680,
            "30.000000" : 40192,
            "40.000000" : 41216,
            "50.000000" : 41216,
            "60.000000" : 42240,
            "70.000000" : 42752,
            "80.000000" : 43776,
            "90.000000" : 44800,
            "95.000000" : 45824,
            "99.000000" : 49408,
            "99.500000" : 51456,
            "99.900000" : 68096,
            "99.950000" : 87552,
            "99.990000" : 201728
          }
        },
        "lat_ns" : {
          "min" : 31450,
          "max" : 6504375,
          "mean" : 41800.708454,
          "stddev" : 18052.288272,
          "N" : 262144
        },
        "bw_min" : 89416,
        "bw_max" : 100688,
        "bw_agg" : 100.000000,
        "bw_mean" : 94832.000000,
        "bw_dev" : 3298.394877,
        "bw_samples" : 22,
        "iops_min" : 22354,
        "iops_max" : 25172,
        "iops_mean" : 23708.000000,
        "iops_stddev" : 824.598719,
        "iops_samples" : 22
      },
      "trim" : {
        "io_bytes" : 0,
        "io_kbytes" : 0,
        "bw_bytes" : 0,
        "bw" : 0,
        "iops" : 0.000000,
        "runtime" : 0,
        "total_ios" : 0,
        "short_ios" : 0,
        "drop_ios" : 0,
        "slat_ns" : {
          "min" : 0,
          "max" : 0,
          "mean" : 0.000000,
          "stddev" : 0.000000,
          "N" : 0
        },
        "clat_ns" : {
          "min" : 0,
          "max" : 0,
          "mean" : 0.000000,
          "stddev" : 0.000000,
          "N" : 0
        },
        "lat_ns" : {
          "min" : 0,
          "max" : 0,
          "mean" : 0.000000,
          "stddev" : 0.000000,
          "N" : 0
        },
        "bw_min" : 0,
        "bw_max" : 0,
        "bw_agg" : 0.000000,
        "bw_mean" : 0.000000,
        "bw_dev" : 0.000000,
        "bw_samples" : 0,
        "iops_min" : 0,
        "iops_max" : 0,
        "iops_mean" : 0.000000,
        "iops_stddev" : 0.000000,
        "iops_samples" : 0
      },
      "sync" : {
        "total_ios" : 0,
        "lat_ns" : {
          "min" : 0,
          "max" : 0,
          "mean" : 0.000000,
          "stddev" : 0.000000,
          "N" : 0
        }
      },
      "job_runtime" : 11062,
      "usr_cpu" : 5.695173,
      "sys_cpu" : 21.054059,
      "ctx" : 262145,
      "majf" : 0,
      "minf" : 10,
      "iodepth_level" : {
        "1" : 100.000000,
        "2" : 0.000000,
        "4" : 0.000000,
        "8" : 0.000000,
        "16" : 0.000000,
        "32" : 0.000000,
        ">=64" : 0.000000
      },
      "iodepth_submit" : {
        "0" : 0.000000,
        "4" : 100.000000,
        "8" : 0.000000,
        "16" : 0.000000,
        "32" : 0.000000,
        "64" : 0.000000,
        ">=64" : 0.000000
      },
      "iodepth_complete" : {
        "0" : 0.000000,
        "4" : 100.000000,
        "8" : 0.000000,
        "16" : 0.000000,
        "32" : 0.000000,
        "64" : 0.000000,
        ">=64" : 0.000000
      },
      "latency_ns" : {
        "2" : 0.000000,
        "4" : 0.000000,
        "10" : 0.000000,
        "20" : 0.000000,
        "50" : 0.000000,
        "100" : 0.000000,
        "250" : 0.000000,
        "500" : 0.000000,
        "750" : 0.000000,
        "1000" : 0.000000
      },
      "latency_us" : {
        "2" : 0.000000,
        "4" : 0.000000,
        "10" : 0.000000,
        "20" : 0.000000,
        "50" : 99.246597,
        "100" : 0.714111,
        "250" : 0.034332,
        "500" : 0.010000,
        "750" : 0.000000,
        "1000" : 0.000000
      },
      "latency_ms" : {
        "2" : 0.000000,
        "4" : 0.000000,
        "10" : 0.010000,
        "20" : 0.000000,
        "50" : 0.000000,
        "100" : 0.000000,
        "250" : 0.000000,
        "500" : 0.000000,
        "750" : 0.000000,
        "1000" : 0.000000,
        "2000" : 0.000000,
        ">=2000" : 0.000000
      },
      "latency_depth" : 1,
      "latency_target" : 0,
      "latency_percentile" : 100.000000,
      "latency_window" : 0
    }
  ],
  "disk_util" : [
    {
      "name" : "vda",
      "read_ios" : 0,
      "write_ios" : 257998,
      "read_merges" : 0,
      "write_merges" : 10,
      "read_ticks" : 0,
      "write_ticks" : 9439,
      "in_queue" : 9880,
      "util" : 99.199126
    }
  ]
}
