{
  "fio version" : "fio-3.30",
  "timestamp" : 1689532010,
  "timestamp_ms" : 1689532010323,
  "time" : "Sun Jul 16 18:26:50 2023",
  "jobs" : [
    {
      "jobname" : "average_latency-randwrite",
      "groupid" : 0,
      "error" : 0,
      "eta" : 0,
      "elapsed" : 13,
      "job options" : {
        "name" : "average_latency-randwrite",
        "filename" : "/mnt/a",
        "iodepth" : "1",
        "rw" : "randwrite",
        "size" : "1G",
        "bs" : "4K",
        "numjobs" : "1",
        "runtime" : "60",
        "direct" : "1"
      },
      "read" : {
        "io_bytes" : 0,
        "io_kbytes" : 0,
        "bw_bytes" : 0,
        "bw" : 0,
        "iops" : 0.000000,
        "runtime" : 0,
        "total_ios" : 0,
        "short_ios" : 0,
        "drop_ios" : 0,
        "slat_ns" : {
          "min" : 0,
          "max" : 0,
          "mean" : 0.000000,
          "stddev" : 0.000000,
          "N" : 0
        },
        "clat_ns" : {
          "min" : 0,
          "max" : 0,
          "mean" : 0.000000,
          "stddev" : 0.000000,
          "N" : 0
        },
        "lat_ns" : {
          "min" : 0,
          "max" : 0,
          "mean" : 0.000000,
          "stddev" : 0.000000,
          "N" : 0
        },
        "bw_min" : 0,
        "bw_max" : 0,
        "bw_agg" : 0.000000,
        "bw_mean" : 0.000000,
        "bw_dev" : 0.000000,
        "bw_samples" : 0,
        "iops_min" : 0,
        "iops_max" : 0,
        "iops_mean" : 0.000000,
        "iops_stddev" : 0.000000,
        "iops_samples" : 0
      },
      "write" : {
        "io_bytes" : 1073741824,
        "io_kbytes" : 1048576,
        "bw_bytes" : 83540171,
        "bw" : 81582,
        "iops" : 20395.549677,
        "runtime" : 12853,
        "total_ios" : 262144,
        "short_ios" : 0,
        "drop_ios" : 0,
        "slat_ns" : {
          "min" : 0,
          "max" : 0,
          "mean" : 0.000000,
          "stddev" : 0.000000,
          "N" : 0
        },
        "clat_ns" : {
          "min" : 32351,
          "max" : 6852904,
          "mean" : 48463.149830,
          "stddev" : 25332.733861,
          "N" : 262144,
          "percentile" : {
            "1.000000" : 36096,
            "5.000000" : 37632,
            "10.000000" : 38656,
            "20.000000" : 41216,
            "30.000000" : 42752,
            "40.000000" : 43264,
            "50.000000" : 44288,
            "60.000000" : 44800,
            "70.000000" : 45824,
            "80.000000" : 49408,
            "90.000000" : 71168,
            "95.000000" : 73216,
            "99.000000" : 78336,
            "99.500000" : 80384,
            "99.900000" : 86528,
            "99.950000" : 93696,
            "99.990000" : 292864
          }
        },
        "lat_ns" : {
          "min" : 32441,
          "max" : 6853014,
          "mean" : 48562.757187,
          "stddev" : 25334.749168,
          "N" : 262144
        },
        "bw_min" : 79680,
        "bw_max" : 83840,
        "bw_agg" : 100.000000,
        "bw_mean" : 81637.760000,
        "bw_dev" : 1125.132336,
        "bw_samples" : 25,
        "iops_min" : 19920,
        "iops_max" : 20960,
        "iops_mean" : 20409.440000,
        "iops_stddev" : 281.283084,
        "iops_samples" : 25
      },
      "trim" : {
        "io_bytes" : 0,
        "io_kbytes" : 0,
        "bw_bytes" : 0,
        "bw" : 0,
        "iops" : 0.000000,
        "runtime" : 0,
        "total_ios" : 0,
        "short_ios" : 0,
        "drop_ios" : 0,
        "slat_ns" : {
          "min" : 0,
          "max" : 0,
          "mean" : 0.000000,
          "stddev" : 0.000000,
          "N" : 0
        },
        "clat_ns" : {
          "min" : 0,
          "max" : 0,
          "mean" : 0.000000,
          "stddev" : 0.000000,
          "N" : 0
        },
        "lat_ns" : {
          "min" : 0,
          "max" : 0,
          "mean" : 0.000000,
          "stddev" : 0.000000,
          "N" : 0
        },
        "bw_min" : 0,
        "bw_max" : 0,
        "bw_agg" : 0.000000,
        "bw_mean" : 0.000000,
        "bw_dev" : 0.000000,
        "bw_samples" : 0,
        "iops_min" : 0,
        "iops_max" : 0,
        "iops_mean" : 0.000000,
        "iops_stddev" : 0.000000,
        "iops_samples" : 0
      },
      "sync" : {
        "total_ios" : 0,
        "lat_ns" : {
          "min" : 0,
          "max" : 0,
          "mean" : 0.000000,
          "stddev" : 0.000000,
          "N" : 0
        }
      },
      "job_runtime" : 12852,
      "usr_cpu" : 7.524121,
      "sys_cpu" : 15.483971,
      "ctx" : 262145,
      "majf" : 0,
      "minf" : 12,
      "iodepth_level" : {
        "1" : 100.000000,
        "2" : 0.000000,
        "4" : 0.000000,
        "8" : 0.000000,
        "16" : 0.000000,
        "32" : 0.000000,
        ">=64" : 0.000000
      },
      "iodepth_submit" : {
        "0" : 0.000000,
        "4" : 100.000000,
        "8" : 0.000000,
        "16" : 0.000000,
        "32" : 0.000000,
        "64" : 0.000000,
        ">=64" : 0.000000
      },
      "iodepth_complete" : {
        "0" : 0.000000,
        "4" : 100.000000,
        "8" : 0.000000,
        "16" : 0.000000,
        "32" : 0.000000,
        "64" : 0.000000,
        ">=64" : 0.000000
      },
      "latency_ns" : {
        "2" : 0.000000,
        "4" : 0.000000,
        "10" : 0.000000,
        "20" : 0.000000,
        "50" : 0.000000,
        "100" : 0.000000,
        "250" : 0.000000,
        "500" : 0.000000,
        "750" : 0.000000,
        "1000" : 0.000000
      },
      "latency_us" : {
        "2" : 0.000000,
        "4" : 0.000000,
        "10" : 0.000000,
        "20" : 0.000000,
        "50" : 80.667496,
        "100" : 19.286728,
        "250" : 0.029373,
        "500" : 0.012970,
        "750" : 0.010000,
        "1000" : 0.000000
      },
      "latency_ms" : {
        "2" : 0.000000,
        "4" : 0.000000,
        "10" : 0.010000,
        "20" : 0.000000,
        "50" : 0.000000,
        "100" : 0.000000,
        "250" : 0.000000,
        "500" : 0.000000,
        "750" : 0.000000,
        "1000" : 0.000000,
        "2000" : 0.000000,
        ">=2000" : 0.000000
      },
      "latency_depth" : 1,
      "latency_target" : 0,
      "latency_percentile" : 100.000000,
      "latency_window" : 0
    }
  ],
  "disk_util" : [
    {
      "name" : "sda",
      "read_ios" : 0,
      "write_ios" : 257931,
      "read_merges" : 0,
      "write_merges" : 9,
      "read_ticks" : 0,
      "write_ticks" : 11242,
      "in_queue" : 11455,
      "util" : 99.285658
    }
  ]
}
