{
  "fio version" : "fio-3.33",
  "timestamp" : 1687990028,
  "timestamp_ms" : 1687990028599,
  "time" : "Wed Jun 28 22:07:08 2023",
  "jobs" : [
    {
      "jobname" : "baremetal-write-4k-1-1",
      "groupid" : 0,
      "error" : 0,
      "eta" : 0,
      "elapsed" : 31,
      "job options" : {
        "name" : "baremetal-write-4k-1-1",
        "filename" : "/dev/nvme0n1",
        "iodepth" : "1",
        "rw" : "write",
        "bs" : "4k",
        "numjobs" : "1",
        "runtime" : "30"
      },
      "read" : {
        "io_bytes" : 0,
        "io_kbytes" : 0,
        "bw_bytes" : 0,
        "bw" : 0,
        "iops" : 0.000000,
        "runtime" : 0,
        "total_ios" : 0,
        "short_ios" : 0,
        "drop_ios" : 0,
        "slat_ns" : {
          "min" : 0,
          "max" : 0,
          "mean" : 0.000000,
          "stddev" : 0.000000,
          "N" : 0
        },
        "clat_ns" : {
          "min" : 0,
          "max" : 0,
          "mean" : 0.000000,
          "stddev" : 0.000000,
          "N" : 0
        },
        "lat_ns" : {
          "min" : 0,
          "max" : 0,
          "mean" : 0.000000,
          "stddev" : 0.000000,
          "N" : 0
        },
        "bw_min" : 0,
        "bw_max" : 0,
        "bw_agg" : 0.000000,
        "bw_mean" : 0.000000,
        "bw_dev" : 0.000000,
        "bw_samples" : 0,
        "iops_min" : 0,
        "iops_max" : 0,
        "iops_mean" : 0.000000,
        "iops_stddev" : 0.000000,
        "iops_samples" : 0
      },
      "write" : {
        "io_bytes" : 67798933504,
        "io_kbytes" : 66209896,
        "bw_bytes" : 2259964450,
        "bw" : 2206996,
        "iops" : 551749.133333,
        "runtime" : 30000,
        "total_ios" : 16552474,
        "short_ios" : 0,
        "drop_ios" : 0,
        "slat_ns" : {
          "min" : 0,
          "max" : 0,
          "mean" : 0.000000,
          "stddev" : 0.000000,
          "N" : 0
        },
        "clat_ns" : {
          "min" : 1072,
          "max" : 603718,
          "mean" : 1567.229574,
          "stddev" : 653.729883,
          "N" : 16552474,
          "percentile" : {
            "1.000000" : 1176,
            "5.000000" : 1192,
            "10.000000" : 1208,
            "20.000000" : 1224,
            "30.000000" : 1240,
            "40.000000" : 1256,
            "50.000000" : 1304,
            "60.000000" : 1352,
            "70.000000" : 1512,
            "80.000000" : 2008,
            "90.000000" : 2288,
            "95.000000" : 2640,
            "99.000000" : 3536,
            "99.500000" : 4048,
            "99.900000" : 5856,
            "99.950000" : 6944,
            "99.990000" : 14016
          }
        },
        "lat_ns" : {
          "min" : 1112,
          "max" : 603788,
          "mean" : 1608.832856,
          "stddev" : 655.515942,
          "N" : 16552474
        },
        "bw_min" : 1522160,
        "bw_max" : 2474832,
        "bw_agg" : 100.000000,
        "bw_mean" : 2218496.406780,
        "bw_dev" : 351594.688166,
        "bw_samples" : 59,
        "iops_min" : 380540,
        "iops_max" : 618710,
        "iops_mean" : 554624.372881,
        "iops_stddev" : 87898.670174,
        "iops_samples" : 59
      },
      "trim" : {
        "io_bytes" : 0,
        "io_kbytes" : 0,
        "bw_bytes" : 0,
        "bw" : 0,
        "iops" : 0.000000,
        "runtime" : 0,
        "total_ios" : 0,
        "short_ios" : 0,
        "drop_ios" : 0,
        "slat_ns" : {
          "min" : 0,
          "max" : 0,
          "mean" : 0.000000,
          "stddev" : 0.000000,
          "N" : 0
        },
        "clat_ns" : {
          "min" : 0,
          "max" : 0,
          "mean" : 0.000000,
          "stddev" : 0.000000,
          "N" : 0
        },
        "lat_ns" : {
          "min" : 0,
          "max" : 0,
          "mean" : 0.000000,
          "stddev" : 0.000000,
          "N" : 0
        },
        "bw_min" : 0,
        "bw_max" : 0,
        "bw_agg" : 0.000000,
        "bw_mean" : 0.000000,
        "bw_dev" : 0.000000,
        "bw_samples" : 0,
        "iops_min" : 0,
        "iops_max" : 0,
        "iops_mean" : 0.000000,
        "iops_stddev" : 0.000000,
        "iops_samples" : 0
      },
      "sync" : {
        "total_ios" : 0,
        "lat_ns" : {
          "min" : 0,
          "max" : 0,
          "mean" : 0.000000,
          "stddev" : 0.000000,
          "N" : 0
        }
      },
      "job_runtime" : 30000,
      "usr_cpu" : 20.010000,
      "sys_cpu" : 79.980000,
      "ctx" : 76,
      "majf" : 0,
      "minf" : 13,
      "iodepth_level" : {
        "1" : 100.000000,
        "2" : 0.000000,
        "4" : 0.000000,
        "8" : 0.000000,
        "16" : 0.000000,
        "32" : 0.000000,
        ">=64" : 0.000000
      },
      "iodepth_submit" : {
        "0" : 0.000000,
        "4" : 100.000000,
        "8" : 0.000000,
        "16" : 0.000000,
        "32" : 0.000000,
        "64" : 0.000000,
        ">=64" : 0.000000
      },
      "iodepth_complete" : {
        "0" : 0.000000,
        "4" : 100.000000,
        "8" : 0.000000,
        "16" : 0.000000,
        "32" : 0.000000,
        "64" : 0.000000,
        ">=64" : 0.000000
      },
      "latency_ns" : {
        "2" : 0.000000,
        "4" : 0.000000,
        "10" : 0.000000,
        "20" : 0.000000,
        "50" : 0.000000,
        "100" : 0.000000,
        "250" : 0.000000,
        "500" : 0.000000,
        "750" : 0.000000,
        "1000" : 0.000000
      },
      "latency_us" : {
        "2" : 79.580581,
        "4" : 19.896216,
        "10" : 0.500596,
        "20" : 0.018686,
        "50" : 0.010000,
        "100" : 0.010000,
        "250" : 0.010000,
        "500" : 0.000000,
        "750" : 0.010000,
        "1000" : 0.000000
      },
      "latency_ms" : {
        "2" : 0.000000,
        "4" : 0.000000,
        "10" : 0.000000,
        "20" : 0.000000,
        "50" : 0.000000,
        "100" : 0.000000,
        "250" : 0.000000,
        "500" : 0.000000,
        "750" : 0.000000,
        "1000" : 0.000000,
        "2000" : 0.000000,
        ">=2000" : 0.000000
      },
      "latency_depth" : 1,
      "latency_target" : 0,
      "latency_percentile" : 100.000000,
      "latency_window" : 0
    }
  ],
  "disk_util" : [
    {
      "name" : "nvme0n1",
      "read_ios" : 40,
      "write_ios" : 92609,
      "read_merges" : 0,
      "write_merges" : 5833892,
      "read_ticks" : 10,
      "write_ticks" : 89625,
      "in_queue" : 89637,
      "util" : 26.125675
    }
  ]
}
