{
  "fio version" : "fio-3.30",
  "timestamp" : 1688741691,
  "timestamp_ms" : 1688741691427,
  "time" : "Fri Jul  7 14:54:51 2023",
  "jobs" : [
    {
      "jobname" : "read-nvme-sev-4k-1-1",
      "groupid" : 0,
      "error" : 0,
      "eta" : 0,
      "elapsed" : 23,
      "job options" : {
        "name" : "read-nvme-sev-4k-1-1",
        "filename" : "/mnt/a",
        "iodepth" : "1",
        "rw" : "read",
        "size" : "1G",
        "bs" : "4k",
        "numjobs" : "1",
        "runtime" : "30",
        "direct" : "1"
      },
      "read" : {
        "io_bytes" : 1073741824,
        "io_kbytes" : 1048576,
        "bw_bytes" : 46958008,
        "bw" : 45857,
        "iops" : 11464.357561,
        "runtime" : 22866,
        "total_ios" : 262144,
        "short_ios" : 0,
        "drop_ios" : 0,
        "slat_ns" : {
          "min" : 0,
          "max" : 0,
          "mean" : 0.000000,
          "stddev" : 0.000000,
          "N" : 0
        },
        "clat_ns" : {
          "min" : 40677,
          "max" : 15346326,
          "mean" : 86323.121937,
          "stddev" : 424775.543395,
          "N" : 262144,
          "percentile" : {
            "1.000000" : 47872,
            "5.000000" : 54016,
            "10.000000" : 55552,
            "20.000000" : 57600,
            "30.000000" : 59648,
            "40.000000" : 61696,
            "50.000000" : 64256,
            "60.000000" : 66048,
            "70.000000" : 68096,
            "80.000000" : 71168,
            "90.000000" : 76288,
            "95.000000" : 80384,
            "99.000000" : 105984,
            "99.500000" : 173056,
            "99.900000" : 8716288,
            "99.950000" : 8978432,
            "99.990000" : 11862016
          }
        },
        "lat_ns" : {
          "min" : 40727,
          "max" : 15346396,
          "mean" : 86408.869854,
          "stddev" : 424776.343489,
          "N" : 262144
        },
        "bw_min" : 34592,
        "bw_max" : 64550,
        "bw_agg" : 99.833332,
        "bw_mean" : 45781.066667,
        "bw_dev" : 8337.609867,
        "bw_samples" : 45,
        "iops_min" : 8648,
        "iops_max" : 16137,
        "iops_mean" : 11445.111111,
        "iops_stddev" : 2084.400396,
        "iops_samples" : 45
      },
      "write" : {
        "io_bytes" : 0,
        "io_kbytes" : 0,
        "bw_bytes" : 0,
        "bw" : 0,
        "iops" : 0.000000,
        "runtime" : 0,
        "total_ios" : 0,
        "short_ios" : 0,
        "drop_ios" : 0,
        "slat_ns" : {
          "min" : 0,
          "max" : 0,
          "mean" : 0.000000,
          "stddev" : 0.000000,
          "N" : 0
        },
        "clat_ns" : {
          "min" : 0,
          "max" : 0,
          "mean" : 0.000000,
          "stddev" : 0.000000,
          "N" : 0
        },
        "lat_ns" : {
          "min" : 0,
          "max" : 0,
          "mean" : 0.000000,
          "stddev" : 0.000000,
          "N" : 0
        },
        "bw_min" : 0,
        "bw_max" : 0,
        "bw_agg" : 0.000000,
        "bw_mean" : 0.000000,
        "bw_dev" : 0.000000,
        "bw_samples" : 0,
        "iops_min" : 0,
        "iops_max" : 0,
        "iops_mean" : 0.000000,
        "iops_stddev" : 0.000000,
        "iops_samples" : 0
      },
      "trim" : {
        "io_bytes" : 0,
        "io_kbytes" : 0,
        "bw_bytes" : 0,
        "bw" : 0,
        "iops" : 0.000000,
        "runtime" : 0,
        "total_ios" : 0,
        "short_ios" : 0,
        "drop_ios" : 0,
        "slat_ns" : {
          "min" : 0,
          "max" : 0,
          "mean" : 0.000000,
          "stddev" : 0.000000,
          "N" : 0
        },
        "clat_ns" : {
          "min" : 0,
          "max" : 0,
          "mean" : 0.000000,
          "stddev" : 0.000000,
          "N" : 0
        },
        "lat_ns" : {
          "min" : 0,
          "max" : 0,
          "mean" : 0.000000,
          "stddev" : 0.000000,
          "N" : 0
        },
        "bw_min" : 0,
        "bw_max" : 0,
        "bw_agg" : 0.000000,
        "bw_mean" : 0.000000,
        "bw_dev" : 0.000000,
        "bw_samples" : 0,
        "iops_min" : 0,
        "iops_max" : 0,
        "iops_mean" : 0.000000,
        "iops_stddev" : 0.000000,
        "iops_samples" : 0
      },
      "sync" : {
        "total_ios" : 0,
        "lat_ns" : {
          "min" : 0,
          "max" : 0,
          "mean" : 0.000000,
          "stddev" : 0.000000,
          "N" : 0
        }
      },
      "job_runtime" : 22865,
      "usr_cpu" : 1.959326,
      "sys_cpu" : 38.438662,
      "ctx" : 247055,
      "majf" : 0,
      "minf" : 13,
      "iodepth_level" : {
        "1" : 100.000000,
        "2" : 0.000000,
        "4" : 0.000000,
        "8" : 0.000000,
        "16" : 0.000000,
        "32" : 0.000000,
        ">=64" : 0.000000
      },
      "iodepth_submit" : {
        "0" : 0.000000,
        "4" : 100.000000,
        "8" : 0.000000,
        "16" : 0.000000,
        "32" : 0.000000,
        "64" : 0.000000,
        ">=64" : 0.000000
      },
      "iodepth_complete" : {
        "0" : 0.000000,
        "4" : 100.000000,
        "8" : 0.000000,
        "16" : 0.000000,
        "32" : 0.000000,
        "64" : 0.000000,
        ">=64" : 0.000000
      },
      "latency_ns" : {
        "2" : 0.000000,
        "4" : 0.000000,
        "10" : 0.000000,
        "20" : 0.000000,
        "50" : 0.000000,
        "100" : 0.000000,
        "250" : 0.000000,
        "500" : 0.000000,
        "750" : 0.000000,
        "1000" : 0.000000
      },
      "latency_us" : {
        "2" : 0.000000,
        "4" : 0.000000,
        "10" : 0.000000,
        "20" : 0.000000,
        "50" : 1.572418,
        "100" : 97.236633,
        "250" : 0.883102,
        "500" : 0.042725,
        "750" : 0.010000,
        "1000" : 0.010000
      },
      "latency_ms" : {
        "2" : 0.010000,
        "4" : 0.011063,
        "10" : 0.221634,
        "20" : 0.014496,
        "50" : 0.000000,
        "100" : 0.000000,
        "250" : 0.000000,
        "500" : 0.000000,
        "750" : 0.000000,
        "1000" : 0.000000,
        "2000" : 0.000000,
        ">=2000" : 0.000000
      },
      "latency_depth" : 1,
      "latency_target" : 0,
      "latency_percentile" : 100.000000,
      "latency_window" : 0
    }
  ],
  "disk_util" : [
    {
      "name" : "nvme0n1",
      "read_ios" : 259417,
      "write_ios" : 14,
      "read_merges" : 0,
      "write_merges" : 10,
      "read_ticks" : 17711,
      "write_ticks" : 96,
      "in_queue" : 17899,
      "util" : 99.634410
    }
  ]
}
