{
  "fio version" : "fio-3.30",
  "timestamp" : 1688741923,
  "timestamp_ms" : 1688741923566,
  "time" : "Fri Jul  7 14:58:43 2023",
  "jobs" : [
    {
      "jobname" : "randwrite-scsi-nosev-4k-1-1",
      "groupid" : 0,
      "error" : 0,
      "eta" : 0,
      "elapsed" : 22,
      "job options" : {
        "name" : "randwrite-scsi-nosev-4k-1-1",
        "filename" : "/mnt/a",
        "iodepth" : "1",
        "rw" : "randwrite",
        "size" : "1G",
        "bs" : "4k",
        "numjobs" : "1",
        "runtime" : "30",
        "direct" : "1"
      },
      "read" : {
        "io_bytes" : 0,
        "io_kbytes" : 0,
        "bw_bytes" : 0,
        "bw" : 0,
        "iops" : 0.000000,
        "runtime" : 0,
        "total_ios" : 0,
        "short_ios" : 0,
        "drop_ios" : 0,
        "slat_ns" : {
          "min" : 0,
          "max" : 0,
          "mean" : 0.000000,
          "stddev" : 0.000000,
          "N" : 0
        },
        "clat_ns" : {
          "min" : 0,
          "max" : 0,
          "mean" : 0.000000,
          "stddev" : 0.000000,
          "N" : 0
        },
        "lat_ns" : {
          "min" : 0,
          "max" : 0,
          "mean" : 0.000000,
          "stddev" : 0.000000,
          "N" : 0
        },
        "bw_min" : 0,
        "bw_max" : 0,
        "bw_agg" : 0.000000,
        "bw_mean" : 0.000000,
        "bw_dev" : 0.000000,
        "bw_samples" : 0,
        "iops_min" : 0,
        "iops_max" : 0,
        "iops_mean" : 0.000000,
        "iops_stddev" : 0.000000,
        "iops_samples" : 0
      },
      "write" : {
        "io_bytes" : 1073741824,
        "io_kbytes" : 1048576,
        "bw_bytes" : 51225696,
        "bw" : 50025,
        "iops" : 12506.273556,
        "runtime" : 20961,
        "total_ios" : 262144,
        "short_ios" : 0,
        "drop_ios" : 0,
        "slat_ns" : {
          "min" : 0,
          "max" : 0,
          "mean" : 0.000000,
          "stddev" : 0.000000,
          "N" : 0
        },
        "clat_ns" : {
          "min" : 40657,
          "max" : 21458154,
          "mean" : 78396.467865,
          "stddev" : 228348.259290,
          "N" : 262144,
          "percentile" : {
            "1.000000" : 46848,
            "5.000000" : 49920,
            "10.000000" : 51456,
            "20.000000" : 54016,
            "30.000000" : 55552,
            "40.000000" : 57600,
            "50.000000" : 59648,
            "60.000000" : 62720,
            "70.000000" : 70144,
            "80.000000" : 90624,
            "90.000000" : 130560,
            "95.000000" : 136192,
            "99.000000" : 150528,
            "99.500000" : 158720,
            "99.900000" : 585728,
            "99.950000" : 8290304,
            "99.990000" : 9109504
          }
        },
        "lat_ns" : {
          "min" : 40727,
          "max" : 21458424,
          "mean" : 78551.395592,
          "stddev" : 228356.113354,
          "N" : 262144
        },
        "bw_min" : 25888,
        "bw_max" : 66248,
        "bw_agg" : 99.861882,
        "bw_mean" : 49956.268293,
        "bw_dev" : 14435.443196,
        "bw_samples" : 41,
        "iops_min" : 6472,
        "iops_max" : 16562,
        "iops_mean" : 12489.048780,
        "iops_stddev" : 3608.847253,
        "iops_samples" : 41
      },
      "trim" : {
        "io_bytes" : 0,
        "io_kbytes" : 0,
        "bw_bytes" : 0,
        "bw" : 0,
        "iops" : 0.000000,
        "runtime" : 0,
        "total_ios" : 0,
        "short_ios" : 0,
        "drop_ios" : 0,
        "slat_ns" : {
          "min" : 0,
          "max" : 0,
          "mean" : 0.000000,
          "stddev" : 0.000000,
          "N" : 0
        },
        "clat_ns" : {
          "min" : 0,
          "max" : 0,
          "mean" : 0.000000,
          "stddev" : 0.000000,
          "N" : 0
        },
        "lat_ns" : {
          "min" : 0,
          "max" : 0,
          "mean" : 0.000000,
          "stddev" : 0.000000,
          "N" : 0
        },
        "bw_min" : 0,
        "bw_max" : 0,
        "bw_agg" : 0.000000,
        "bw_mean" : 0.000000,
        "bw_dev" : 0.000000,
        "bw_samples" : 0,
        "iops_min" : 0,
        "iops_max" : 0,
        "iops_mean" : 0.000000,
        "iops_stddev" : 0.000000,
        "iops_samples" : 0
      },
      "sync" : {
        "total_ios" : 0,
        "lat_ns" : {
          "min" : 0,
          "max" : 0,
          "mean" : 0.000000,
          "stddev" : 0.000000,
          "N" : 0
        }
      },
      "job_runtime" : 20960,
      "usr_cpu" : 7.041985,
      "sys_cpu" : 23.201336,
      "ctx" : 252301,
      "majf" : 0,
      "minf" : 12,
      "iodepth_level" : {
        "1" : 100.000000,
        "2" : 0.000000,
        "4" : 0.000000,
        "8" : 0.000000,
        "16" : 0.000000,
        "32" : 0.000000,
        ">=64" : 0.000000
      },
      "iodepth_submit" : {
        "0" : 0.000000,
        "4" : 100.000000,
        "8" : 0.000000,
        "16" : 0.000000,
        "32" : 0.000000,
        "64" : 0.000000,
        ">=64" : 0.000000
      },
      "iodepth_complete" : {
        "0" : 0.000000,
        "4" : 100.000000,
        "8" : 0.000000,
        "16" : 0.000000,
        "32" : 0.000000,
        "64" : 0.000000,
        ">=64" : 0.000000
      },
      "latency_ns" : {
        "2" : 0.000000,
        "4" : 0.000000,
        "10" : 0.000000,
        "20" : 0.000000,
        "50" : 0.000000,
        "100" : 0.000000,
        "250" : 0.000000,
        "500" : 0.000000,
        "750" : 0.000000,
        "1000" : 0.000000
      },
      "latency_us" : {
        "2" : 0.000000,
        "4" : 0.000000,
        "10" : 0.000000,
        "20" : 0.000000,
        "50" : 5.781174,
        "100" : 79.222488,
        "250" : 14.823532,
        "500" : 0.067902,
        "750" : 0.012589,
        "1000" : 0.014114
      },
      "latency_ms" : {
        "2" : 0.011826,
        "4" : 0.010000,
        "10" : 0.054932,
        "20" : 0.010000,
        "50" : 0.010000,
        "100" : 0.000000,
        "250" : 0.000000,
        "500" : 0.000000,
        "750" : 0.000000,
        "1000" : 0.000000,
        "2000" : 0.000000,
        ">=2000" : 0.000000
      },
      "latency_depth" : 1,
      "latency_target" : 0,
      "latency_percentile" : 100.000000,
      "latency_window" : 0
    }
  ],
  "disk_util" : [
    {
      "name" : "sda",
      "read_ios" : 0,
      "write_ios" : 261429,
      "read_merges" : 0,
      "write_merges" : 12,
      "read_ticks" : 0,
      "write_ticks" : 18524,
      "in_queue" : 19216,
      "util" : 99.561571
    }
  ]
}
