{
  "fio version" : "fio-3.30",
  "timestamp" : 1688741601,
  "timestamp_ms" : 1688741601479,
  "time" : "Fri Jul  7 14:53:21 2023",
  "jobs" : [
    {
      "jobname" : "randwrite-nvme-nosev-4k-1-1",
      "groupid" : 0,
      "error" : 0,
      "eta" : 0,
      "elapsed" : 19,
      "job options" : {
        "name" : "randwrite-nvme-nosev-4k-1-1",
        "filename" : "/mnt/a",
        "iodepth" : "1",
        "rw" : "randwrite",
        "size" : "1G",
        "bs" : "4k",
        "numjobs" : "1",
        "runtime" : "30",
        "direct" : "1"
      },
      "read" : {
        "io_bytes" : 0,
        "io_kbytes" : 0,
        "bw_bytes" : 0,
        "bw" : 0,
        "iops" : 0.000000,
        "runtime" : 0,
        "total_ios" : 0,
        "short_ios" : 0,
        "drop_ios" : 0,
        "slat_ns" : {
          "min" : 0,
          "max" : 0,
          "mean" : 0.000000,
          "stddev" : 0.000000,
          "N" : 0
        },
        "clat_ns" : {
          "min" : 0,
          "max" : 0,
          "mean" : 0.000000,
          "stddev" : 0.000000,
          "N" : 0
        },
        "lat_ns" : {
          "min" : 0,
          "max" : 0,
          "mean" : 0.000000,
          "stddev" : 0.000000,
          "N" : 0
        },
        "bw_min" : 0,
        "bw_max" : 0,
        "bw_agg" : 0.000000,
        "bw_mean" : 0.000000,
        "bw_dev" : 0.000000,
        "bw_samples" : 0,
        "iops_min" : 0,
        "iops_max" : 0,
        "iops_mean" : 0.000000,
        "iops_stddev" : 0.000000,
        "iops_samples" : 0
      },
      "write" : {
        "io_bytes" : 1073741824,
        "io_kbytes" : 1048576,
        "bw_bytes" : 57208259,
        "bw" : 55867,
        "iops" : 13966.860248,
        "runtime" : 18769,
        "total_ios" : 262144,
        "short_ios" : 0,
        "drop_ios" : 0,
        "slat_ns" : {
          "min" : 0,
          "max" : 0,
          "mean" : 0.000000,
          "stddev" : 0.000000,
          "N" : 0
        },
        "clat_ns" : {
          "min" : 38994,
          "max" : 14443354,
          "mean" : 70335.250298,
          "stddev" : 215686.324677,
          "N" : 262144,
          "percentile" : {
            "1.000000" : 46336,
            "5.000000" : 49408,
            "10.000000" : 51968,
            "20.000000" : 55040,
            "30.000000" : 58112,
            "40.000000" : 60160,
            "50.000000" : 62208,
            "60.000000" : 63744,
            "70.000000" : 66048,
            "80.000000" : 70144,
            "90.000000" : 78336,
            "95.000000" : 88576,
            "99.000000" : 124416,
            "99.500000" : 138240,
            "99.900000" : 643072,
            "99.950000" : 8159232,
            "99.990000" : 8978432
          }
        },
        "lat_ns" : {
          "min" : 39074,
          "max" : 14443575,
          "mean" : 70482.914322,
          "stddev" : 215689.038071,
          "N" : 262144
        },
        "bw_min" : 38272,
        "bw_max" : 68328,
        "bw_agg" : 100.000000,
        "bw_mean" : 55892.675676,
        "bw_dev" : 6329.920541,
        "bw_samples" : 37,
        "iops_min" : 9568,
        "iops_max" : 17082,
        "iops_mean" : 13973.054054,
        "iops_stddev" : 1582.454580,
        "iops_samples" : 37
      },
      "trim" : {
        "io_bytes" : 0,
        "io_kbytes" : 0,
        "bw_bytes" : 0,
        "bw" : 0,
        "iops" : 0.000000,
        "runtime" : 0,
        "total_ios" : 0,
        "short_ios" : 0,
        "drop_ios" : 0,
        "slat_ns" : {
          "min" : 0,
          "max" : 0,
          "mean" : 0.000000,
          "stddev" : 0.000000,
          "N" : 0
        },
        "clat_ns" : {
          "min" : 0,
          "max" : 0,
          "mean" : 0.000000,
          "stddev" : 0.000000,
          "N" : 0
        },
        "lat_ns" : {
          "min" : 0,
          "max" : 0,
          "mean" : 0.000000,
          "stddev" : 0.000000,
          "N" : 0
        },
        "bw_min" : 0,
        "bw_max" : 0,
        "bw_agg" : 0.000000,
        "bw_mean" : 0.000000,
        "bw_dev" : 0.000000,
        "bw_samples" : 0,
        "iops_min" : 0,
        "iops_max" : 0,
        "iops_mean" : 0.000000,
        "iops_stddev" : 0.000000,
        "iops_samples" : 0
      },
      "sync" : {
        "total_ios" : 0,
        "lat_ns" : {
          "min" : 0,
          "max" : 0,
          "mean" : 0.000000,
          "stddev" : 0.000000,
          "N" : 0
        }
      },
      "job_runtime" : 18768,
      "usr_cpu" : 8.962063,
      "sys_cpu" : 24.403240,
      "ctx" : 256869,
      "majf" : 0,
      "minf" : 11,
      "iodepth_level" : {
        "1" : 100.000000,
        "2" : 0.000000,
        "4" : 0.000000,
        "8" : 0.000000,
        "16" : 0.000000,
        "32" : 0.000000,
        ">=64" : 0.000000
      },
      "iodepth_submit" : {
        "0" : 0.000000,
        "4" : 100.000000,
        "8" : 0.000000,
        "16" : 0.000000,
        "32" : 0.000000,
        "64" : 0.000000,
        ">=64" : 0.000000
      },
      "iodepth_complete" : {
        "0" : 0.000000,
        "4" : 100.000000,
        "8" : 0.000000,
        "16" : 0.000000,
        "32" : 0.000000,
        "64" : 0.000000,
        ">=64" : 0.000000
      },
      "latency_ns" : {
        "2" : 0.000000,
        "4" : 0.000000,
        "10" : 0.000000,
        "20" : 0.000000,
        "50" : 0.000000,
        "100" : 0.000000,
        "250" : 0.000000,
        "500" : 0.000000,
        "750" : 0.000000,
        "1000" : 0.000000
      },
      "latency_us" : {
        "2" : 0.000000,
        "4" : 0.000000,
        "10" : 0.000000,
        "20" : 0.000000,
        "50" : 5.849075,
        "100" : 91.519547,
        "250" : 2.428436,
        "500" : 0.095749,
        "750" : 0.016785,
        "1000" : 0.011444
      },
      "latency_ms" : {
        "2" : 0.010681,
        "4" : 0.010000,
        "10" : 0.056076,
        "20" : 0.010000,
        "50" : 0.000000,
        "100" : 0.000000,
        "250" : 0.000000,
        "500" : 0.000000,
        "750" : 0.000000,
        "1000" : 0.000000,
        "2000" : 0.000000,
        ">=2000" : 0.000000
      },
      "latency_depth" : 1,
      "latency_target" : 0,
      "latency_percentile" : 100.000000,
      "latency_window" : 0
    }
  ],
  "disk_util" : [
    {
      "name" : "nvme0n1",
      "read_ios" : 0,
      "write_ios" : 260403,
      "read_merges" : 0,
      "write_merges" : 10,
      "read_ticks" : 0,
      "write_ticks" : 16286,
      "in_queue" : 17080,
      "util" : 99.658047
    }
  ]
}
