{
  "fio version" : "fio-3.30",
  "timestamp" : 1688741972,
  "timestamp_ms" : 1688741972115,
  "time" : "Fri Jul  7 14:59:32 2023",
  "jobs" : [
    {
      "jobname" : "read-blk-sev-4k-1-1",
      "groupid" : 0,
      "error" : 0,
      "eta" : 0,
      "elapsed" : 21,
      "job options" : {
        "name" : "read-blk-sev-4k-1-1",
        "filename" : "/mnt/a",
        "iodepth" : "1",
        "rw" : "read",
        "size" : "1G",
        "bs" : "4k",
        "numjobs" : "1",
        "runtime" : "30",
        "direct" : "1"
      },
      "read" : {
        "io_bytes" : 1073741824,
        "io_kbytes" : 1048576,
        "bw_bytes" : 52992884,
        "bw" : 51750,
        "iops" : 12937.715921,
        "runtime" : 20262,
        "total_ios" : 262144,
        "short_ios" : 0,
        "drop_ios" : 0,
        "slat_ns" : {
          "min" : 0,
          "max" : 0,
          "mean" : 0.000000,
          "stddev" : 0.000000,
          "N" : 0
        },
        "clat_ns" : {
          "min" : 35526,
          "max" : 15609920,
          "mean" : 76330.097000,
          "stddev" : 316526.649534,
          "N" : 262144,
          "percentile" : {
            "1.000000" : 44288,
            "5.000000" : 47872,
            "10.000000" : 49408,
            "20.000000" : 51456,
            "30.000000" : 53504,
            "40.000000" : 55040,
            "50.000000" : 57088,
            "60.000000" : 59136,
            "70.000000" : 62208,
            "80.000000" : 66048,
            "90.000000" : 73216,
            "95.000000" : 95744,
            "99.000000" : 288768,
            "99.500000" : 329728,
            "99.900000" : 8290304,
            "99.950000" : 8847360,
            "99.990000" : 12124160
          }
        },
        "lat_ns" : {
          "min" : 35637,
          "max" : 15610040,
          "mean" : 76446.534840,
          "stddev" : 316532.316702,
          "N" : 262144
        },
        "bw_min" : 21045,
        "bw_max" : 75049,
        "bw_agg" : 100.000000,
        "bw_mean" : 51953.375000,
        "bw_dev" : 15602.026452,
        "bw_samples" : 40,
        "iops_min" : 5261,
        "iops_max" : 18762,
        "iops_mean" : 12988.125000,
        "iops_stddev" : 3900.526652,
        "iops_samples" : 40
      },
      "write" : {
        "io_bytes" : 0,
        "io_kbytes" : 0,
        "bw_bytes" : 0,
        "bw" : 0,
        "iops" : 0.000000,
        "runtime" : 0,
        "total_ios" : 0,
        "short_ios" : 0,
        "drop_ios" : 0,
        "slat_ns" : {
          "min" : 0,
          "max" : 0,
          "mean" : 0.000000,
          "stddev" : 0.000000,
          "N" : 0
        },
        "clat_ns" : {
          "min" : 0,
          "max" : 0,
          "mean" : 0.000000,
          "stddev" : 0.000000,
          "N" : 0
        },
        "lat_ns" : {
          "min" : 0,
          "max" : 0,
          "mean" : 0.000000,
          "stddev" : 0.000000,
          "N" : 0
        },
        "bw_min" : 0,
        "bw_max" : 0,
        "bw_agg" : 0.000000,
        "bw_mean" : 0.000000,
        "bw_dev" : 0.000000,
        "bw_samples" : 0,
        "iops_min" : 0,
        "iops_max" : 0,
        "iops_mean" : 0.000000,
        "iops_stddev" : 0.000000,
        "iops_samples" : 0
      },
      "trim" : {
        "io_bytes" : 0,
        "io_kbytes" : 0,
        "bw_bytes" : 0,
        "bw" : 0,
        "iops" : 0.000000,
        "runtime" : 0,
        "total_ios" : 0,
        "short_ios" : 0,
        "drop_ios" : 0,
        "slat_ns" : {
          "min" : 0,
          "max" : 0,
          "mean" : 0.000000,
          "stddev" : 0.000000,
          "N" : 0
        },
        "clat_ns" : {
          "min" : 0,
          "max" : 0,
          "mean" : 0.000000,
          "stddev" : 0.000000,
          "N" : 0
        },
        "lat_ns" : {
          "min" : 0,
          "max" : 0,
          "mean" : 0.000000,
          "stddev" : 0.000000,
          "N" : 0
        },
        "bw_min" : 0,
        "bw_max" : 0,
        "bw_agg" : 0.000000,
        "bw_mean" : 0.000000,
        "bw_dev" : 0.000000,
        "bw_samples" : 0,
        "iops_min" : 0,
        "iops_max" : 0,
        "iops_mean" : 0.000000,
        "iops_stddev" : 0.000000,
        "iops_samples" : 0
      },
      "sync" : {
        "total_ios" : 0,
        "lat_ns" : {
          "min" : 0,
          "max" : 0,
          "mean" : 0.000000,
          "stddev" : 0.000000,
          "N" : 0
        }
      },
      "job_runtime" : 20261,
      "usr_cpu" : 3.005775,
      "sys_cpu" : 34.480036,
      "ctx" : 260665,
      "majf" : 0,
      "minf" : 15,
      "iodepth_level" : {
        "1" : 100.000000,
        "2" : 0.000000,
        "4" : 0.000000,
        "8" : 0.000000,
        "16" : 0.000000,
        "32" : 0.000000,
        ">=64" : 0.000000
      },
      "iodepth_submit" : {
        "0" : 0.000000,
        "4" : 100.000000,
        "8" : 0.000000,
        "16" : 0.000000,
        "32" : 0.000000,
        "64" : 0.000000,
        ">=64" : 0.000000
      },
      "iodepth_complete" : {
        "0" : 0.000000,
        "4" : 100.000000,
        "8" : 0.000000,
        "16" : 0.000000,
        "32" : 0.000000,
        "64" : 0.000000,
        ">=64" : 0.000000
      },
      "latency_ns" : {
        "2" : 0.000000,
        "4" : 0.000000,
        "10" : 0.000000,
        "20" : 0.000000,
        "50" : 0.000000,
        "100" : 0.000000,
        "250" : 0.000000,
        "500" : 0.000000,
        "750" : 0.000000,
        "1000" : 0.000000
      },
      "latency_us" : {
        "2" : 0.000000,
        "4" : 0.000000,
        "10" : 0.000000,
        "20" : 0.000000,
        "50" : 13.107300,
        "100" : 82.183456,
        "250" : 2.946091,
        "500" : 1.606750,
        "750" : 0.018692,
        "1000" : 0.010000
      },
      "latency_ms" : {
        "2" : 0.010000,
        "4" : 0.010000,
        "10" : 0.106812,
        "20" : 0.015259,
        "50" : 0.000000,
        "100" : 0.000000,
        "250" : 0.000000,
        "500" : 0.000000,
        "750" : 0.000000,
        "1000" : 0.000000,
        "2000" : 0.000000,
        ">=2000" : 0.000000
      },
      "latency_depth" : 1,
      "latency_target" : 0,
      "latency_percentile" : 100.000000,
      "latency_window" : 0
    }
  ],
  "disk_util" : [
    {
      "name" : "vda",
      "read_ios" : 260889,
      "write_ios" : 13,
      "read_merges" : 0,
      "write_merges" : 11,
      "read_ticks" : 15769,
      "write_ticks" : 189,
      "in_queue" : 16037,
      "util" : 99.158166
    }
  ]
}
