{
  "fio version" : "fio-3.30",
  "timestamp" : 1688741926,
  "timestamp_ms" : 1688741926780,
  "time" : "Fri Jul  7 14:58:46 2023",
  "jobs" : [
    {
      "jobname" : "randread-blk-sev-4k-1-1",
      "groupid" : 0,
      "error" : 0,
      "eta" : 0,
      "elapsed" : 24,
      "job options" : {
        "name" : "randread-blk-sev-4k-1-1",
        "filename" : "/mnt/a",
        "iodepth" : "1",
        "rw" : "randread",
        "size" : "1G",
        "bs" : "4k",
        "numjobs" : "1",
        "runtime" : "30",
        "direct" : "1"
      },
      "read" : {
        "io_bytes" : 1073741824,
        "io_kbytes" : 1048576,
        "bw_bytes" : 46873960,
        "bw" : 45775,
        "iops" : 11443.838128,
        "runtime" : 22907,
        "total_ios" : 262144,
        "short_ios" : 0,
        "drop_ios" : 0,
        "slat_ns" : {
          "min" : 0,
          "max" : 0,
          "mean" : 0.000000,
          "stddev" : 0.000000,
          "N" : 0
        },
        "clat_ns" : {
          "min" : 38542,
          "max" : 25457002,
          "mean" : 85819.124046,
          "stddev" : 316926.320436,
          "N" : 262144,
          "percentile" : {
            "1.000000" : 46336,
            "5.000000" : 50944,
            "10.000000" : 52992,
            "20.000000" : 56064,
            "30.000000" : 58624,
            "40.000000" : 60672,
            "50.000000" : 62720,
            "60.000000" : 66048,
            "70.000000" : 72192,
            "80.000000" : 103936,
            "90.000000" : 120320,
            "95.000000" : 129536,
            "99.000000" : 171008,
            "99.500000" : 203776,
            "99.900000" : 8290304,
            "99.950000" : 8847360,
            "99.990000" : 12648448
          }
        },
        "lat_ns" : {
          "min" : 38592,
          "max" : 25457092,
          "mean" : 85912.097462,
          "stddev" : 316930.337784,
          "N" : 262144
        },
        "bw_min" : 17061,
        "bw_max" : 70499,
        "bw_agg" : 99.643145,
        "bw_mean" : 45612.466667,
        "bw_dev" : 17302.251931,
        "bw_samples" : 45,
        "iops_min" : 4265,
        "iops_max" : 17624,
        "iops_mean" : 11402.955556,
        "iops_stddev" : 4325.585162,
        "iops_samples" : 45
      },
      "write" : {
        "io_bytes" : 0,
        "io_kbytes" : 0,
        "bw_bytes" : 0,
        "bw" : 0,
        "iops" : 0.000000,
        "runtime" : 0,
        "total_ios" : 0,
        "short_ios" : 0,
        "drop_ios" : 0,
        "slat_ns" : {
          "min" : 0,
          "max" : 0,
          "mean" : 0.000000,
          "stddev" : 0.000000,
          "N" : 0
        },
        "clat_ns" : {
          "min" : 0,
          "max" : 0,
          "mean" : 0.000000,
          "stddev" : 0.000000,
          "N" : 0
        },
        "lat_ns" : {
          "min" : 0,
          "max" : 0,
          "mean" : 0.000000,
          "stddev" : 0.000000,
          "N" : 0
        },
        "bw_min" : 0,
        "bw_max" : 0,
        "bw_agg" : 0.000000,
        "bw_mean" : 0.000000,
        "bw_dev" : 0.000000,
        "bw_samples" : 0,
        "iops_min" : 0,
        "iops_max" : 0,
        "iops_mean" : 0.000000,
        "iops_stddev" : 0.000000,
        "iops_samples" : 0
      },
      "trim" : {
        "io_bytes" : 0,
        "io_kbytes" : 0,
        "bw_bytes" : 0,
        "bw" : 0,
        "iops" : 0.000000,
        "runtime" : 0,
        "total_ios" : 0,
        "short_ios" : 0,
        "drop_ios" : 0,
        "slat_ns" : {
          "min" : 0,
          "max" : 0,
          "mean" : 0.000000,
          "stddev" : 0.000000,
          "N" : 0
        },
        "clat_ns" : {
          "min" : 0,
          "max" : 0,
          "mean" : 0.000000,
          "stddev" : 0.000000,
          "N" : 0
        },
        "lat_ns" : {
          "min" : 0,
          "max" : 0,
          "mean" : 0.000000,
          "stddev" : 0.000000,
          "N" : 0
        },
        "bw_min" : 0,
        "bw_max" : 0,
        "bw_agg" : 0.000000,
        "bw_mean" : 0.000000,
        "bw_dev" : 0.000000,
        "bw_samples" : 0,
        "iops_min" : 0,
        "iops_max" : 0,
        "iops_mean" : 0.000000,
        "iops_stddev" : 0.000000,
        "iops_samples" : 0
      },
      "sync" : {
        "total_ios" : 0,
        "lat_ns" : {
          "min" : 0,
          "max" : 0,
          "mean" : 0.000000,
          "stddev" : 0.000000,
          "N" : 0
        }
      },
      "job_runtime" : 22906,
      "usr_cpu" : 3.379027,
      "sys_cpu" : 59.050031,
      "ctx" : 180471,
      "majf" : 1,
      "minf" : 12,
      "iodepth_level" : {
        "1" : 100.000000,
        "2" : 0.000000,
        "4" : 0.000000,
        "8" : 0.000000,
        "16" : 0.000000,
        "32" : 0.000000,
        ">=64" : 0.000000
      },
      "iodepth_submit" : {
        "0" : 0.000000,
        "4" : 100.000000,
        "8" : 0.000000,
        "16" : 0.000000,
        "32" : 0.000000,
        "64" : 0.000000,
        ">=64" : 0.000000
      },
      "iodepth_complete" : {
        "0" : 0.000000,
        "4" : 100.000000,
        "8" : 0.000000,
        "16" : 0.000000,
        "32" : 0.000000,
        "64" : 0.000000,
        ">=64" : 0.000000
      },
      "latency_ns" : {
        "2" : 0.000000,
        "4" : 0.000000,
        "10" : 0.000000,
        "20" : 0.000000,
        "50" : 0.000000,
        "100" : 0.000000,
        "250" : 0.000000,
        "500" : 0.000000,
        "750" : 0.000000,
        "1000" : 0.000000
      },
      "latency_us" : {
        "2" : 0.000000,
        "4" : 0.000000,
        "10" : 0.000000,
        "20" : 0.000000,
        "50" : 3.730392,
        "100" : 74.276733,
        "250" : 21.709442,
        "500" : 0.131607,
        "750" : 0.021744,
        "1000" : 0.010000
      },
      "latency_ms" : {
        "2" : 0.010000,
        "4" : 0.010000,
        "10" : 0.099564,
        "20" : 0.015640,
        "50" : 0.010000,
        "100" : 0.000000,
        "250" : 0.000000,
        "500" : 0.000000,
        "750" : 0.000000,
        "1000" : 0.000000,
        "2000" : 0.000000,
        ">=2000" : 0.000000
      },
      "latency_depth" : 1,
      "latency_target" : 0,
      "latency_percentile" : 100.000000,
      "latency_window" : 0
    }
  ],
  "disk_util" : [
    {
      "name" : "vda",
      "read_ios" : 262026,
      "write_ios" : 90,
      "read_merges" : 0,
      "write_merges" : 71,
      "read_ticks" : 18752,
      "write_ticks" : 60,
      "in_queue" : 18821,
      "util" : 99.267527
    }
  ]
}
