{
  "fio version" : "fio-3.30",
  "timestamp" : 1688741963,
  "timestamp_ms" : 1688741963984,
  "time" : "Fri Jul  7 14:59:23 2023",
  "jobs" : [
    {
      "jobname" : "write-scsi-nosev-4k-1-1",
      "groupid" : 0,
      "error" : 0,
      "eta" : 0,
      "elapsed" : 23,
      "job options" : {
        "name" : "write-scsi-nosev-4k-1-1",
        "filename" : "/mnt/a",
        "iodepth" : "1",
        "rw" : "write",
        "size" : "1G",
        "bs" : "4k",
        "numjobs" : "1",
        "runtime" : "30",
        "direct" : "1"
      },
      "read" : {
        "io_bytes" : 0,
        "io_kbytes" : 0,
        "bw_bytes" : 0,
        "bw" : 0,
        "iops" : 0.000000,
        "runtime" : 0,
        "total_ios" : 0,
        "short_ios" : 0,
        "drop_ios" : 0,
        "slat_ns" : {
          "min" : 0,
          "max" : 0,
          "mean" : 0.000000,
          "stddev" : 0.000000,
          "N" : 0
        },
        "clat_ns" : {
          "min" : 0,
          "max" : 0,
          "mean" : 0.000000,
          "stddev" : 0.000000,
          "N" : 0
        },
        "lat_ns" : {
          "min" : 0,
          "max" : 0,
          "mean" : 0.000000,
          "stddev" : 0.000000,
          "N" : 0
        },
        "bw_min" : 0,
        "bw_max" : 0,
        "bw_agg" : 0.000000,
        "bw_mean" : 0.000000,
        "bw_dev" : 0.000000,
        "bw_samples" : 0,
        "iops_min" : 0,
        "iops_max" : 0,
        "iops_mean" : 0.000000,
        "iops_stddev" : 0.000000,
        "iops_samples" : 0
      },
      "write" : {
        "io_bytes" : 1073741824,
        "io_kbytes" : 1048576,
        "bw_bytes" : 47284737,
        "bw" : 46176,
        "iops" : 11544.125418,
        "runtime" : 22708,
        "total_ios" : 262144,
        "short_ios" : 0,
        "drop_ios" : 0,
        "slat_ns" : {
          "min" : 0,
          "max" : 0,
          "mean" : 0.000000,
          "stddev" : 0.000000,
          "N" : 0
        },
        "clat_ns" : {
          "min" : 39985,
          "max" : 16332963,
          "mean" : 85430.727753,
          "stddev" : 223571.135089,
          "N" : 262144,
          "percentile" : {
            "1.000000" : 46336,
            "5.000000" : 50432,
            "10.000000" : 51968,
            "20.000000" : 54528,
            "30.000000" : 57088,
            "40.000000" : 60672,
            "50.000000" : 66048,
            "60.000000" : 79360,
            "70.000000" : 93696,
            "80.000000" : 97792,
            "90.000000" : 129536,
            "95.000000" : 138240,
            "99.000000" : 193536,
            "99.500000" : 211968,
            "99.900000" : 815104,
            "99.950000" : 6782976,
            "99.990000" : 9633792
          }
        },
        "lat_ns" : {
          "min" : 40105,
          "max" : 16333273,
          "mean" : 85604.936859,
          "stddev" : 223578.553830,
          "N" : 262144
        },
        "bw_min" : 27000,
        "bw_max" : 66592,
        "bw_agg" : 99.979425,
        "bw_mean" : 46167.111111,
        "bw_dev" : 12972.871075,
        "bw_samples" : 45,
        "iops_min" : 6750,
        "iops_max" : 16648,
        "iops_mean" : 11541.777778,
        "iops_stddev" : 3243.217769,
        "iops_samples" : 45
      },
      "trim" : {
        "io_bytes" : 0,
        "io_kbytes" : 0,
        "bw_bytes" : 0,
        "bw" : 0,
        "iops" : 0.000000,
        "runtime" : 0,
        "total_ios" : 0,
        "short_ios" : 0,
        "drop_ios" : 0,
        "slat_ns" : {
          "min" : 0,
          "max" : 0,
          "mean" : 0.000000,
          "stddev" : 0.000000,
          "N" : 0
        },
        "clat_ns" : {
          "min" : 0,
          "max" : 0,
          "mean" : 0.000000,
          "stddev" : 0.000000,
          "N" : 0
        },
        "lat_ns" : {
          "min" : 0,
          "max" : 0,
          "mean" : 0.000000,
          "stddev" : 0.000000,
          "N" : 0
        },
        "bw_min" : 0,
        "bw_max" : 0,
        "bw_agg" : 0.000000,
        "bw_mean" : 0.000000,
        "bw_dev" : 0.000000,
        "bw_samples" : 0,
        "iops_min" : 0,
        "iops_max" : 0,
        "iops_mean" : 0.000000,
        "iops_stddev" : 0.000000,
        "iops_samples" : 0
      },
      "sync" : {
        "total_ios" : 0,
        "lat_ns" : {
          "min" : 0,
          "max" : 0,
          "mean" : 0.000000,
          "stddev" : 0.000000,
          "N" : 0
        }
      },
      "job_runtime" : 22707,
      "usr_cpu" : 5.637028,
      "sys_cpu" : 25.789404,
      "ctx" : 244059,
      "majf" : 0,
      "minf" : 12,
      "iodepth_level" : {
        "1" : 100.000000,
        "2" : 0.000000,
        "4" : 0.000000,
        "8" : 0.000000,
        "16" : 0.000000,
        "32" : 0.000000,
        ">=64" : 0.000000
      },
      "iodepth_submit" : {
        "0" : 0.000000,
        "4" : 100.000000,
        "8" : 0.000000,
        "16" : 0.000000,
        "32" : 0.000000,
        "64" : 0.000000,
        ">=64" : 0.000000
      },
      "iodepth_complete" : {
        "0" : 0.000000,
        "4" : 100.000000,
        "8" : 0.000000,
        "16" : 0.000000,
        "32" : 0.000000,
        "64" : 0.000000,
        ">=64" : 0.000000
      },
      "latency_ns" : {
        "2" : 0.000000,
        "4" : 0.000000,
        "10" : 0.000000,
        "20" : 0.000000,
        "50" : 0.000000,
        "100" : 0.000000,
        "250" : 0.000000,
        "500" : 0.000000,
        "750" : 0.000000,
        "1000" : 0.000000
      },
      "latency_us" : {
        "2" : 0.000000,
        "4" : 0.000000,
        "10" : 0.000000,
        "20" : 0.000000,
        "50" : 4.561615,
        "100" : 77.357483,
        "250" : 17.888641,
        "500" : 0.079346,
        "750" : 0.010000,
        "1000" : 0.016403
      },
      "latency_ms" : {
        "2" : 0.020599,
        "4" : 0.010000,
        "10" : 0.049210,
        "20" : 0.010000,
        "50" : 0.000000,
        "100" : 0.000000,
        "250" : 0.000000,
        "500" : 0.000000,
        "750" : 0.000000,
        "1000" : 0.000000,
        "2000" : 0.000000,
        ">=2000" : 0.000000
      },
      "latency_depth" : 1,
      "latency_target" : 0,
      "latency_percentile" : 100.000000,
      "latency_window" : 0
    }
  ],
  "disk_util" : [
    {
      "name" : "sda",
      "read_ios" : 0,
      "write_ios" : 261484,
      "read_merges" : 0,
      "write_merges" : 12,
      "read_ticks" : 0,
      "write_ticks" : 19835,
      "in_queue" : 20341,
      "util" : 99.546795
    }
  ]
}
