{
  "fio version" : "fio-3.30",
  "timestamp" : 1688742219,
  "timestamp_ms" : 1688742219020,
  "time" : "Fri Jul  7 15:03:39 2023",
  "jobs" : [
    {
      "jobname" : "randread-scsi-sev-4k-1-1",
      "groupid" : 0,
      "error" : 0,
      "eta" : 0,
      "elapsed" : 29,
      "job options" : {
        "name" : "randread-scsi-sev-4k-1-1",
        "filename" : "/mnt/a",
        "iodepth" : "1",
        "rw" : "randread",
        "size" : "1G",
        "bs" : "4k",
        "numjobs" : "1",
        "runtime" : "30",
        "direct" : "1"
      },
      "read" : {
        "io_bytes" : 1073741824,
        "io_kbytes" : 1048576,
        "bw_bytes" : 37669864,
        "bw" : 36786,
        "iops" : 9196.744317,
        "runtime" : 28504,
        "total_ios" : 262144,
        "short_ios" : 0,
        "drop_ios" : 0,
        "slat_ns" : {
          "min" : 0,
          "max" : 0,
          "mean" : 0.000000,
          "stddev" : 0.000000,
          "N" : 0
        },
        "clat_ns" : {
          "min" : 39827,
          "max" : 16150862,
          "mean" : 107135.589340,
          "stddev" : 443204.228408,
          "N" : 262144,
          "percentile" : {
            "1.000000" : 48896,
            "5.000000" : 55552,
            "10.000000" : 57600,
            "20.000000" : 61184,
            "30.000000" : 65280,
            "40.000000" : 69120,
            "50.000000" : 72192,
            "60.000000" : 76288,
            "70.000000" : 82432,
            "80.000000" : 114176,
            "90.000000" : 132096,
            "95.000000" : 140288,
            "99.000000" : 177152,
            "99.500000" : 257024,
            "99.900000" : 8847360,
            "99.950000" : 9109504,
            "99.990000" : 12779520
          }
        },
        "lat_ns" : {
          "min" : 39937,
          "max" : 16151072,
          "mean" : 107271.717751,
          "stddev" : 443205.754683,
          "N" : 262144
        },
        "bw_min" : 16095,
        "bw_max" : 64840,
        "bw_agg" : 100.000000,
        "bw_mean" : 36840.535714,
        "bw_dev" : 11198.588950,
        "bw_samples" : 56,
        "iops_min" : 4023,
        "iops_max" : 16210,
        "iops_mean" : 9209.928571,
        "iops_stddev" : 2799.764853,
        "iops_samples" : 56
      },
      "write" : {
        "io_bytes" : 0,
        "io_kbytes" : 0,
        "bw_bytes" : 0,
        "bw" : 0,
        "iops" : 0.000000,
        "runtime" : 0,
        "total_ios" : 0,
        "short_ios" : 0,
        "drop_ios" : 0,
        "slat_ns" : {
          "min" : 0,
          "max" : 0,
          "mean" : 0.000000,
          "stddev" : 0.000000,
          "N" : 0
        },
        "clat_ns" : {
          "min" : 0,
          "max" : 0,
          "mean" : 0.000000,
          "stddev" : 0.000000,
          "N" : 0
        },
        "lat_ns" : {
          "min" : 0,
          "max" : 0,
          "mean" : 0.000000,
          "stddev" : 0.000000,
          "N" : 0
        },
        "bw_min" : 0,
        "bw_max" : 0,
        "bw_agg" : 0.000000,
        "bw_mean" : 0.000000,
        "bw_dev" : 0.000000,
        "bw_samples" : 0,
        "iops_min" : 0,
        "iops_max" : 0,
        "iops_mean" : 0.000000,
        "iops_stddev" : 0.000000,
        "iops_samples" : 0
      },
      "trim" : {
        "io_bytes" : 0,
        "io_kbytes" : 0,
        "bw_bytes" : 0,
        "bw" : 0,
        "iops" : 0.000000,
        "runtime" : 0,
        "total_ios" : 0,
        "short_ios" : 0,
        "drop_ios" : 0,
        "slat_ns" : {
          "min" : 0,
          "max" : 0,
          "mean" : 0.000000,
          "stddev" : 0.000000,
          "N" : 0
        },
        "clat_ns" : {
          "min" : 0,
          "max" : 0,
          "mean" : 0.000000,
          "stddev" : 0.000000,
          "N" : 0
        },
        "lat_ns" : {
          "min" : 0,
          "max" : 0,
          "mean" : 0.000000,
          "stddev" : 0.000000,
          "N" : 0
        },
        "bw_min" : 0,
        "bw_max" : 0,
        "bw_agg" : 0.000000,
        "bw_mean" : 0.000000,
        "bw_dev" : 0.000000,
        "bw_samples" : 0,
        "iops_min" : 0,
        "iops_max" : 0,
        "iops_mean" : 0.000000,
        "iops_stddev" : 0.000000,
        "iops_samples" : 0
      },
      "sync" : {
        "total_ios" : 0,
        "lat_ns" : {
          "min" : 0,
          "max" : 0,
          "mean" : 0.000000,
          "stddev" : 0.000000,
          "N" : 0
        }
      },
      "job_runtime" : 28503,
      "usr_cpu" : 2.638319,
      "sys_cpu" : 46.247763,
      "ctx" : 223303,
      "majf" : 1,
      "minf" : 12,
      "iodepth_level" : {
        "1" : 100.000000,
        "2" : 0.000000,
        "4" : 0.000000,
        "8" : 0.000000,
        "16" : 0.000000,
        "32" : 0.000000,
        ">=64" : 0.000000
      },
      "iodepth_submit" : {
        "0" : 0.000000,
        "4" : 100.000000,
        "8" : 0.000000,
        "16" : 0.000000,
        "32" : 0.000000,
        "64" : 0.000000,
        ">=64" : 0.000000
      },
      "iodepth_complete" : {
        "0" : 0.000000,
        "4" : 100.000000,
        "8" : 0.000000,
        "16" : 0.000000,
        "32" : 0.000000,
        "64" : 0.000000,
        ">=64" : 0.000000
      },
      "latency_ns" : {
        "2" : 0.000000,
        "4" : 0.000000,
        "10" : 0.000000,
        "20" : 0.000000,
        "50" : 0.000000,
        "100" : 0.000000,
        "250" : 0.000000,
        "500" : 0.000000,
        "750" : 0.000000,
        "1000" : 0.000000
      },
      "latency_us" : {
        "2" : 0.000000,
        "4" : 0.000000,
        "10" : 0.000000,
        "20" : 0.000000,
        "50" : 1.302719,
        "100" : 74.245071,
        "250" : 23.929214,
        "500" : 0.159836,
        "750" : 0.010000,
        "1000" : 0.010000
      },
      "latency_ms" : {
        "2" : 0.028610,
        "4" : 0.057983,
        "10" : 0.235367,
        "20" : 0.025940,
        "50" : 0.000000,
        "100" : 0.000000,
        "250" : 0.000000,
        "500" : 0.000000,
        "750" : 0.000000,
        "1000" : 0.000000,
        "2000" : 0.000000,
        ">=2000" : 0.000000
      },
      "latency_depth" : 1,
      "latency_target" : 0,
      "latency_percentile" : 100.000000,
      "latency_window" : 0
    }
  ],
  "disk_util" : [
    {
      "name" : "sda",
      "read_ios" : 260991,
      "write_ios" : 171,
      "read_merges" : 0,
      "write_merges" : 24,
      "read_ticks" : 23664,
      "write_ticks" : 90,
      "in_queue" : 23781,
      "util" : 99.592124
    }
  ]
}
