{
  "fio version" : "fio-3.30",
  "timestamp" : 1688741641,
  "timestamp_ms" : 1688741641020,
  "time" : "Fri Jul  7 14:54:01 2023",
  "jobs" : [
    {
      "jobname" : "randread-nvme-sev-4k-1-1",
      "groupid" : 0,
      "error" : 0,
      "eta" : 0,
      "elapsed" : 30,
      "job options" : {
        "name" : "randread-nvme-sev-4k-1-1",
        "filename" : "/mnt/a",
        "iodepth" : "1",
        "rw" : "randread",
        "size" : "1G",
        "bs" : "4k",
        "numjobs" : "1",
        "runtime" : "30",
        "direct" : "1"
      },
      "read" : {
        "io_bytes" : 1073741824,
        "io_kbytes" : 1048576,
        "bw_bytes" : 36686545,
        "bw" : 35826,
        "iops" : 8956.676233,
        "runtime" : 29268,
        "total_ios" : 262144,
        "short_ios" : 0,
        "drop_ios" : 0,
        "slat_ns" : {
          "min" : 0,
          "max" : 0,
          "mean" : 0.000000,
          "stddev" : 0.000000,
          "N" : 0
        },
        "clat_ns" : {
          "min" : 39886,
          "max" : 19063180,
          "mean" : 109016.009159,
          "stddev" : 347358.479451,
          "N" : 262144,
          "percentile" : {
            "1.000000" : 49408,
            "5.000000" : 52992,
            "10.000000" : 56064,
            "20.000000" : 60160,
            "30.000000" : 63232,
            "40.000000" : 67072,
            "50.000000" : 70144,
            "60.000000" : 75264,
            "70.000000" : 84480,
            "80.000000" : 126464,
            "90.000000" : 179200,
            "95.000000" : 234496,
            "99.000000" : 321536,
            "99.500000" : 374784,
            "99.900000" : 8454144,
            "99.950000" : 8978432,
            "99.990000" : 11993088
          }
        },
        "lat_ns" : {
          "min" : 39956,
          "max" : 19063430,
          "mean" : 109187.695290,
          "stddev" : 347386.879023,
          "N" : 262144
        },
        "bw_min" : 14291,
        "bw_max" : 70288,
        "bw_agg" : 99.383968,
        "bw_mean" : 35606.655172,
        "bw_dev" : 13340.525533,
        "bw_samples" : 58,
        "iops_min" : 3572,
        "iops_max" : 17572,
        "iops_mean" : 8901.448276,
        "iops_stddev" : 3335.130825,
        "iops_samples" : 58
      },
      "write" : {
        "io_bytes" : 0,
        "io_kbytes" : 0,
        "bw_bytes" : 0,
        "bw" : 0,
        "iops" : 0.000000,
        "runtime" : 0,
        "total_ios" : 0,
        "short_ios" : 0,
        "drop_ios" : 0,
        "slat_ns" : {
          "min" : 0,
          "max" : 0,
          "mean" : 0.000000,
          "stddev" : 0.000000,
          "N" : 0
        },
        "clat_ns" : {
          "min" : 0,
          "max" : 0,
          "mean" : 0.000000,
          "stddev" : 0.000000,
          "N" : 0
        },
        "lat_ns" : {
          "min" : 0,
          "max" : 0,
          "mean" : 0.000000,
          "stddev" : 0.000000,
          "N" : 0
        },
        "bw_min" : 0,
        "bw_max" : 0,
        "bw_agg" : 0.000000,
        "bw_mean" : 0.000000,
        "bw_dev" : 0.000000,
        "bw_samples" : 0,
        "iops_min" : 0,
        "iops_max" : 0,
        "iops_mean" : 0.000000,
        "iops_stddev" : 0.000000,
        "iops_samples" : 0
      },
      "trim" : {
        "io_bytes" : 0,
        "io_kbytes" : 0,
        "bw_bytes" : 0,
        "bw" : 0,
        "iops" : 0.000000,
        "runtime" : 0,
        "total_ios" : 0,
        "short_ios" : 0,
        "drop_ios" : 0,
        "slat_ns" : {
          "min" : 0,
          "max" : 0,
          "mean" : 0.000000,
          "stddev" : 0.000000,
          "N" : 0
        },
        "clat_ns" : {
          "min" : 0,
          "max" : 0,
          "mean" : 0.000000,
          "stddev" : 0.000000,
          "N" : 0
        },
        "lat_ns" : {
          "min" : 0,
          "max" : 0,
          "mean" : 0.000000,
          "stddev" : 0.000000,
          "N" : 0
        },
        "bw_min" : 0,
        "bw_max" : 0,
        "bw_agg" : 0.000000,
        "bw_mean" : 0.000000,
        "bw_dev" : 0.000000,
        "bw_samples" : 0,
        "iops_min" : 0,
        "iops_max" : 0,
        "iops_mean" : 0.000000,
        "iops_stddev" : 0.000000,
        "iops_samples" : 0
      },
      "sync" : {
        "total_ios" : 0,
        "lat_ns" : {
          "min" : 0,
          "max" : 0,
          "mean" : 0.000000,
          "stddev" : 0.000000,
          "N" : 0
        }
      },
      "job_runtime" : 29267,
      "usr_cpu" : 4.400861,
      "sys_cpu" : 43.875354,
      "ctx" : 243129,
      "majf" : 0,
      "minf" : 12,
      "iodepth_level" : {
        "1" : 100.000000,
        "2" : 0.000000,
        "4" : 0.000000,
        "8" : 0.000000,
        "16" : 0.000000,
        "32" : 0.000000,
        ">=64" : 0.000000
      },
      "iodepth_submit" : {
        "0" : 0.000000,
        "4" : 100.000000,
        "8" : 0.000000,
        "16" : 0.000000,
        "32" : 0.000000,
        "64" : 0.000000,
        ">=64" : 0.000000
      },
      "iodepth_complete" : {
        "0" : 0.000000,
        "4" : 100.000000,
        "8" : 0.000000,
        "16" : 0.000000,
        "32" : 0.000000,
        "64" : 0.000000,
        ">=64" : 0.000000
      },
      "latency_ns" : {
        "2" : 0.000000,
        "4" : 0.000000,
        "10" : 0.000000,
        "20" : 0.000000,
        "50" : 0.000000,
        "100" : 0.000000,
        "250" : 0.000000,
        "500" : 0.000000,
        "750" : 0.000000,
        "1000" : 0.000000
      },
      "latency_us" : {
        "2" : 0.000000,
        "4" : 0.000000,
        "10" : 0.000000,
        "20" : 0.000000,
        "50" : 1.417923,
        "100" : 73.409653,
        "250" : 21.495438,
        "500" : 3.448486,
        "750" : 0.044250,
        "1000" : 0.010000
      },
      "latency_ms" : {
        "2" : 0.012970,
        "4" : 0.014114,
        "10" : 0.138855,
        "20" : 0.012207,
        "50" : 0.000000,
        "100" : 0.000000,
        "250" : 0.000000,
        "500" : 0.000000,
        "750" : 0.000000,
        "1000" : 0.000000,
        "2000" : 0.000000,
        ">=2000" : 0.000000
      },
      "latency_depth" : 1,
      "latency_target" : 0,
      "latency_percentile" : 100.000000,
      "latency_window" : 0
    }
  ],
  "disk_util" : [
    {
      "name" : "nvme0n1",
      "read_ios" : 260192,
      "write_ios" : 35,
      "read_merges" : 0,
      "write_merges" : 15,
      "read_ticks" : 20762,
      "write_ticks" : 14,
      "in_queue" : 20777,
      "util" : 99.605935
    }
  ]
}
