{
  "fio version" : "fio-3.30",
  "timestamp" : 1687989334,
  "timestamp_ms" : 1687989334953,
  "time" : "Wed Jun 28 21:55:34 2023",
  "jobs" : [
    {
      "jobname" : "nosev-scsi-write-4k-1-1",
      "groupid" : 0,
      "error" : 0,
      "eta" : 0,
      "elapsed" : 8,
      "job options" : {
        "name" : "nosev-scsi-write-4k-1-1",
        "filename" : "/dev/sdb",
        "iodepth" : "1",
        "rw" : "write",
        "bs" : "4k",
        "numjobs" : "1",
        "runtime" : "30"
      },
      "read" : {
        "io_bytes" : 0,
        "io_kbytes" : 0,
        "bw_bytes" : 0,
        "bw" : 0,
        "iops" : 0.000000,
        "runtime" : 0,
        "total_ios" : 0,
        "short_ios" : 0,
        "drop_ios" : 0,
        "slat_ns" : {
          "min" : 0,
          "max" : 0,
          "mean" : 0.000000,
          "stddev" : 0.000000,
          "N" : 0
        },
        "clat_ns" : {
          "min" : 0,
          "max" : 0,
          "mean" : 0.000000,
          "stddev" : 0.000000,
          "N" : 0
        },
        "lat_ns" : {
          "min" : 0,
          "max" : 0,
          "mean" : 0.000000,
          "stddev" : 0.000000,
          "N" : 0
        },
        "bw_min" : 0,
        "bw_max" : 0,
        "bw_agg" : 0.000000,
        "bw_mean" : 0.000000,
        "bw_dev" : 0.000000,
        "bw_samples" : 0,
        "iops_min" : 0,
        "iops_max" : 0,
        "iops_mean" : 0.000000,
        "iops_stddev" : 0.000000,
        "iops_samples" : 0
      },
      "write" : {
        "io_bytes" : 10737418240,
        "io_kbytes" : 10485760,
        "bw_bytes" : 1824230078,
        "bw" : 1781474,
        "iops" : 445368.671424,
        "runtime" : 5886,
        "total_ios" : 2621440,
        "short_ios" : 0,
        "drop_ios" : 0,
        "slat_ns" : {
          "min" : 0,
          "max" : 0,
          "mean" : 0.000000,
          "stddev" : 0.000000,
          "N" : 0
        },
        "clat_ns" : {
          "min" : 1222,
          "max" : 130316,
          "mean" : 1980.075090,
          "stddev" : 941.354945,
          "N" : 2621440,
          "percentile" : {
            "1.000000" : 1288,
            "5.000000" : 1320,
            "10.000000" : 1320,
            "20.000000" : 1352,
            "30.000000" : 1528,
            "40.000000" : 1560,
            "50.000000" : 1816,
            "60.000000" : 2160,
            "70.000000" : 2288,
            "80.000000" : 2448,
            "90.000000" : 2736,
            "95.000000" : 3088,
            "99.000000" : 3824,
            "99.500000" : 4448,
            "99.900000" : 8768,
            "99.950000" : 9920,
            "99.990000" : 13376
          }
        },
        "lat_ns" : {
          "min" : 1272,
          "max" : 130367,
          "mean" : 2026.600441,
          "stddev" : 943.944671,
          "N" : 2621440
        },
        "bw_min" : 1495504,
        "bw_max" : 2406536,
        "bw_agg" : 100.000000,
        "bw_mean" : 1790449.454545,
        "bw_dev" : 244683.645415,
        "bw_samples" : 11,
        "iops_min" : 373876,
        "iops_max" : 601634,
        "iops_mean" : 447612.363636,
        "iops_stddev" : 61170.911354,
        "iops_samples" : 11
      },
      "trim" : {
        "io_bytes" : 0,
        "io_kbytes" : 0,
        "bw_bytes" : 0,
        "bw" : 0,
        "iops" : 0.000000,
        "runtime" : 0,
        "total_ios" : 0,
        "short_ios" : 0,
        "drop_ios" : 0,
        "slat_ns" : {
          "min" : 0,
          "max" : 0,
          "mean" : 0.000000,
          "stddev" : 0.000000,
          "N" : 0
        },
        "clat_ns" : {
          "min" : 0,
          "max" : 0,
          "mean" : 0.000000,
          "stddev" : 0.000000,
          "N" : 0
        },
        "lat_ns" : {
          "min" : 0,
          "max" : 0,
          "mean" : 0.000000,
          "stddev" : 0.000000,
          "N" : 0
        },
        "bw_min" : 0,
        "bw_max" : 0,
        "bw_agg" : 0.000000,
        "bw_mean" : 0.000000,
        "bw_dev" : 0.000000,
        "bw_samples" : 0,
        "iops_min" : 0,
        "iops_max" : 0,
        "iops_mean" : 0.000000,
        "iops_stddev" : 0.000000,
        "iops_samples" : 0
      },
      "sync" : {
        "total_ios" : 0,
        "lat_ns" : {
          "min" : 0,
          "max" : 0,
          "mean" : 0.000000,
          "stddev" : 0.000000,
          "N" : 0
        }
      },
      "job_runtime" : 5885,
      "usr_cpu" : 18.606627,
      "sys_cpu" : 81.376381,
      "ctx" : 14,
      "majf" : 0,
      "minf" : 13,
      "iodepth_level" : {
        "1" : 100.000000,
        "2" : 0.000000,
        "4" : 0.000000,
        "8" : 0.000000,
        "16" : 0.000000,
        "32" : 0.000000,
        ">=64" : 0.000000
      },
      "iodepth_submit" : {
        "0" : 0.000000,
        "4" : 100.000000,
        "8" : 0.000000,
        "16" : 0.000000,
        "32" : 0.000000,
        "64" : 0.000000,
        ">=64" : 0.000000
      },
      "iodepth_complete" : {
        "0" : 0.000000,
        "4" : 100.000000,
        "8" : 0.000000,
        "16" : 0.000000,
        "32" : 0.000000,
        "64" : 0.000000,
        ">=64" : 0.000000
      },
      "latency_ns" : {
        "2" : 0.000000,
        "4" : 0.000000,
        "10" : 0.000000,
        "20" : 0.000000,
        "50" : 0.000000,
        "100" : 0.000000,
        "250" : 0.000000,
        "500" : 0.000000,
        "750" : 0.000000,
        "1000" : 0.000000
      },
      "latency_us" : {
        "2" : 53.670807,
        "4" : 45.551872,
        "10" : 0.730286,
        "20" : 0.042992,
        "50" : 0.010000,
        "100" : 0.000000,
        "250" : 0.010000,
        "500" : 0.000000,
        "750" : 0.000000,
        "1000" : 0.000000
      },
      "latency_ms" : {
        "2" : 0.000000,
        "4" : 0.000000,
        "10" : 0.000000,
        "20" : 0.000000,
        "50" : 0.000000,
        "100" : 0.000000,
        "250" : 0.000000,
        "500" : 0.000000,
        "750" : 0.000000,
        "1000" : 0.000000,
        "2000" : 0.000000,
        ">=2000" : 0.000000
      },
      "latency_depth" : 1,
      "latency_target" : 0,
      "latency_percentile" : 100.000000,
      "latency_window" : 0
    }
  ],
  "disk_util" : [
    {
      "name" : "sdb",
      "read_ios" : 51,
      "write_ios" : 8548,
      "read_merges" : 0,
      "write_merges" : 2158729,
      "read_ticks" : 3,
      "write_ticks" : 8849,
      "in_queue" : 8852,
      "util" : 56.327241
    }
  ]
}
