{
  "fio version" : "fio-3.30",
  "timestamp" : 1688399400,
  "timestamp_ms" : 1688399400614,
  "time" : "Mon Jul  3 15:50:00 2023",
  "jobs" : [
    {
      "jobname" : "nosev-scsi-read-4k-1-1",
      "groupid" : 0,
      "error" : 0,
      "eta" : 2147483647,
      "elapsed" : 2,
      "job options" : {
        "name" : "nosev-scsi-read-4k-1-1",
        "filename" : "/mnt/a",
        "iodepth" : "1",
        "rw" : "read",
        "size" : "1G",
        "bs" : "4k",
        "numjobs" : "1",
        "runtime" : "30"
      },
      "read" : {
        "io_bytes" : 1073741824,
        "io_kbytes" : 1048576,
        "bw_bytes" : 697234950,
        "bw" : 680893,
        "iops" : 170223.376623,
        "runtime" : 1540,
        "total_ios" : 262144,
        "short_ios" : 0,
        "drop_ios" : 0,
        "slat_ns" : {
          "min" : 0,
          "max" : 0,
          "mean" : 0.000000,
          "stddev" : 0.000000,
          "N" : 0
        },
        "clat_ns" : {
          "min" : 460,
          "max" : 2857658,
          "mean" : 2800.127956,
          "stddev" : 16179.039162,
          "N" : 262144,
          "percentile" : {
            "1.000000" : 490,
            "5.000000" : 540,
            "10.000000" : 548,
            "20.000000" : 548,
            "30.000000" : 564,
            "40.000000" : 572,
            "50.000000" : 580,
            "60.000000" : 588,
            "70.000000" : 604,
            "80.000000" : 652,
            "90.000000" : 804,
            "95.000000" : 2576,
            "99.000000" : 111104,
            "99.500000" : 129536,
            "99.900000" : 142336,
            "99.950000" : 150528,
            "99.990000" : 168960
          }
        },
        "lat_ns" : {
          "min" : 490,
          "max" : 2857699,
          "mean" : 2861.443848,
          "stddev" : 16195.491508,
          "N" : 262144
        },
        "bw_min" : 809440,
        "bw_max" : 1196032,
        "bw_agg" : 100.000000,
        "bw_mean" : 1002736.000000,
        "bw_dev" : 273361.824752,
        "bw_samples" : 2,
        "iops_min" : 202360,
        "iops_max" : 299008,
        "iops_mean" : 250684.000000,
        "iops_stddev" : 68340.456188,
        "iops_samples" : 2
      },
      "write" : {
        "io_bytes" : 0,
        "io_kbytes" : 0,
        "bw_bytes" : 0,
        "bw" : 0,
        "iops" : 0.000000,
        "runtime" : 0,
        "total_ios" : 0,
        "short_ios" : 0,
        "drop_ios" : 0,
        "slat_ns" : {
          "min" : 0,
          "max" : 0,
          "mean" : 0.000000,
          "stddev" : 0.000000,
          "N" : 0
        },
        "clat_ns" : {
          "min" : 0,
          "max" : 0,
          "mean" : 0.000000,
          "stddev" : 0.000000,
          "N" : 0
        },
        "lat_ns" : {
          "min" : 0,
          "max" : 0,
          "mean" : 0.000000,
          "stddev" : 0.000000,
          "N" : 0
        },
        "bw_min" : 0,
        "bw_max" : 0,
        "bw_agg" : 0.000000,
        "bw_mean" : 0.000000,
        "bw_dev" : 0.000000,
        "bw_samples" : 0,
        "iops_min" : 0,
        "iops_max" : 0,
        "iops_mean" : 0.000000,
        "iops_stddev" : 0.000000,
        "iops_samples" : 0
      },
      "trim" : {
        "io_bytes" : 0,
        "io_kbytes" : 0,
        "bw_bytes" : 0,
        "bw" : 0,
        "iops" : 0.000000,
        "runtime" : 0,
        "total_ios" : 0,
        "short_ios" : 0,
        "drop_ios" : 0,
        "slat_ns" : {
          "min" : 0,
          "max" : 0,
          "mean" : 0.000000,
          "stddev" : 0.000000,
          "N" : 0
        },
        "clat_ns" : {
          "min" : 0,
          "max" : 0,
          "mean" : 0.000000,
          "stddev" : 0.000000,
          "N" : 0
        },
        "lat_ns" : {
          "min" : 0,
          "max" : 0,
          "mean" : 0.000000,
          "stddev" : 0.000000,
          "N" : 0
        },
        "bw_min" : 0,
        "bw_max" : 0,
        "bw_agg" : 0.000000,
        "bw_mean" : 0.000000,
        "bw_dev" : 0.000000,
        "bw_samples" : 0,
        "iops_min" : 0,
        "iops_max" : 0,
        "iops_mean" : 0.000000,
        "iops_stddev" : 0.000000,
        "iops_samples" : 0
      },
      "sync" : {
        "total_ios" : 0,
        "lat_ns" : {
          "min" : 0,
          "max" : 0,
          "mean" : 0.000000,
          "stddev" : 0.000000,
          "N" : 0
        }
      },
      "job_runtime" : 1539,
      "usr_cpu" : 7.927225,
      "sys_cpu" : 89.083821,
      "ctx" : 40,
      "majf" : 0,
      "minf" : 14,
      "iodepth_level" : {
        "1" : 100.000000,
        "2" : 0.000000,
        "4" : 0.000000,
        "8" : 0.000000,
        "16" : 0.000000,
        "32" : 0.000000,
        ">=64" : 0.000000
      },
      "iodepth_submit" : {
        "0" : 0.000000,
        "4" : 100.000000,
        "8" : 0.000000,
        "16" : 0.000000,
        "32" : 0.000000,
        "64" : 0.000000,
        ">=64" : 0.000000
      },
      "iodepth_complete" : {
        "0" : 0.000000,
        "4" : 100.000000,
        "8" : 0.000000,
        "16" : 0.000000,
        "32" : 0.000000,
        "64" : 0.000000,
        ">=64" : 0.000000
      },
      "latency_ns" : {
        "2" : 0.000000,
        "4" : 0.000000,
        "10" : 0.000000,
        "20" : 0.000000,
        "50" : 0.000000,
        "100" : 0.000000,
        "250" : 0.000000,
        "500" : 1.122284,
        "750" : 87.099457,
        "1000" : 5.690765
      },
      "latency_us" : {
        "2" : 0.507736,
        "4" : 1.963806,
        "10" : 0.762939,
        "20" : 0.209808,
        "50" : 1.194382,
        "100" : 0.112534,
        "250" : 1.334000,
        "500" : 0.010000,
        "750" : 0.000000,
        "1000" : 0.010000
      },
      "latency_ms" : {
        "2" : 0.010000,
        "4" : 0.010000,
        "10" : 0.000000,
        "20" : 0.000000,
        "50" : 0.000000,
        "100" : 0.000000,
        "250" : 0.000000,
        "500" : 0.000000,
        "750" : 0.000000,
        "1000" : 0.000000,
        "2000" : 0.000000,
        ">=2000" : 0.000000
      },
      "latency_depth" : 1,
      "latency_target" : 0,
      "latency_percentile" : 100.000000,
      "latency_window" : 0
    }
  ],
  "disk_util" : [
    {
      "name" : "sda",
      "read_ios" : 3394,
      "write_ios" : 2048,
      "read_merges" : 0,
      "write_merges" : 14,
      "read_ticks" : 547,
      "write_ticks" : 5769,
      "in_queue" : 6608,
      "util" : 74.680994
    }
  ]
}
