{
  "fio version" : "fio-3.30",
  "timestamp" : 1687985861,
  "timestamp_ms" : 1687985861278,
  "time" : "Wed Jun 28 20:57:41 2023",
  "jobs" : [
    {
      "jobname" : "sev-nvme-read-4k-1-1",
      "groupid" : 0,
      "error" : 0,
      "eta" : 0,
      "elapsed" : 7,
      "job options" : {
        "name" : "sev-nvme-read-4k-1-1",
        "filename" : "/dev/nvme0n1",
        "iodepth" : "1",
        "rw" : "read",
        "bs" : "4k",
        "numjobs" : "1",
        "runtime" : "30"
      },
      "read" : {
        "io_bytes" : 10737418240,
        "io_kbytes" : 10485760,
        "bw_bytes" : 1905148729,
        "bw" : 1860496,
        "iops" : 465124.201561,
        "runtime" : 5636,
        "total_ios" : 2621440,
        "short_ios" : 0,
        "drop_ios" : 0,
        "slat_ns" : {
          "min" : 0,
          "max" : 0,
          "mean" : 0.000000,
          "stddev" : 0.000000,
          "N" : 0
        },
        "clat_ns" : {
          "min" : 390,
          "max" : 298526,
          "mean" : 1770.901577,
          "stddev" : 8311.560129,
          "N" : 2621440,
          "percentile" : {
            "1.000000" : 470,
            "5.000000" : 482,
            "10.000000" : 482,
            "20.000000" : 482,
            "30.000000" : 482,
            "40.000000" : 490,
            "50.000000" : 490,
            "60.000000" : 490,
            "70.000000" : 490,
            "80.000000" : 502,
            "90.000000" : 532,
            "95.000000" : 844,
            "99.000000" : 63744,
            "99.500000" : 64256,
            "99.900000" : 70144,
            "99.950000" : 73216,
            "99.990000" : 92672
          }
        },
        "lat_ns" : {
          "min" : 420,
          "max" : 299097,
          "mean" : 1825.605190,
          "stddev" : 8328.684860,
          "N" : 2621440
        },
        "bw_min" : 1841120,
        "bw_max" : 1872824,
        "bw_agg" : 100.000000,
        "bw_mean" : 1861768.727273,
        "bw_dev" : 8062.959024,
        "bw_samples" : 11,
        "iops_min" : 460280,
        "iops_max" : 468206,
        "iops_mean" : 465442.181818,
        "iops_stddev" : 2015.558574,
        "iops_samples" : 11
      },
      "write" : {
        "io_bytes" : 0,
        "io_kbytes" : 0,
        "bw_bytes" : 0,
        "bw" : 0,
        "iops" : 0.000000,
        "runtime" : 0,
        "total_ios" : 0,
        "short_ios" : 0,
        "drop_ios" : 0,
        "slat_ns" : {
          "min" : 0,
          "max" : 0,
          "mean" : 0.000000,
          "stddev" : 0.000000,
          "N" : 0
        },
        "clat_ns" : {
          "min" : 0,
          "max" : 0,
          "mean" : 0.000000,
          "stddev" : 0.000000,
          "N" : 0
        },
        "lat_ns" : {
          "min" : 0,
          "max" : 0,
          "mean" : 0.000000,
          "stddev" : 0.000000,
          "N" : 0
        },
        "bw_min" : 0,
        "bw_max" : 0,
        "bw_agg" : 0.000000,
        "bw_mean" : 0.000000,
        "bw_dev" : 0.000000,
        "bw_samples" : 0,
        "iops_min" : 0,
        "iops_max" : 0,
        "iops_mean" : 0.000000,
        "iops_stddev" : 0.000000,
        "iops_samples" : 0
      },
      "trim" : {
        "io_bytes" : 0,
        "io_kbytes" : 0,
        "bw_bytes" : 0,
        "bw" : 0,
        "iops" : 0.000000,
        "runtime" : 0,
        "total_ios" : 0,
        "short_ios" : 0,
        "drop_ios" : 0,
        "slat_ns" : {
          "min" : 0,
          "max" : 0,
          "mean" : 0.000000,
          "stddev" : 0.000000,
          "N" : 0
        },
        "clat_ns" : {
          "min" : 0,
          "max" : 0,
          "mean" : 0.000000,
          "stddev" : 0.000000,
          "N" : 0
        },
        "lat_ns" : {
          "min" : 0,
          "max" : 0,
          "mean" : 0.000000,
          "stddev" : 0.000000,
          "N" : 0
        },
        "bw_min" : 0,
        "bw_max" : 0,
        "bw_agg" : 0.000000,
        "bw_mean" : 0.000000,
        "bw_dev" : 0.000000,
        "bw_samples" : 0,
        "iops_min" : 0,
        "iops_max" : 0,
        "iops_mean" : 0.000000,
        "iops_stddev" : 0.000000,
        "iops_samples" : 0
      },
      "sync" : {
        "total_ios" : 0,
        "lat_ns" : {
          "min" : 0,
          "max" : 0,
          "mean" : 0.000000,
          "stddev" : 0.000000,
          "N" : 0
        }
      },
      "job_runtime" : 5635,
      "usr_cpu" : 26.814552,
      "sys_cpu" : 73.149956,
      "ctx" : 10,
      "majf" : 0,
      "minf" : 14,
      "iodepth_level" : {
        "1" : 100.000000,
        "2" : 0.000000,
        "4" : 0.000000,
        "8" : 0.000000,
        "16" : 0.000000,
        "32" : 0.000000,
        ">=64" : 0.000000
      },
      "iodepth_submit" : {
        "0" : 0.000000,
        "4" : 100.000000,
        "8" : 0.000000,
        "16" : 0.000000,
        "32" : 0.000000,
        "64" : 0.000000,
        ">=64" : 0.000000
      },
      "iodepth_complete" : {
        "0" : 0.000000,
        "4" : 100.000000,
        "8" : 0.000000,
        "16" : 0.000000,
        "32" : 0.000000,
        "64" : 0.000000,
        ">=64" : 0.000000
      },
      "latency_ns" : {
        "2" : 0.000000,
        "4" : 0.000000,
        "10" : 0.000000,
        "20" : 0.000000,
        "50" : 0.000000,
        "100" : 0.000000,
        "250" : 0.000000,
        "500" : 72.936897,
        "750" : 21.038780,
        "1000" : 2.573967
      },
      "latency_us" : {
        "2" : 0.013885,
        "4" : 0.010000,
        "10" : 0.819168,
        "20" : 0.347328,
        "50" : 0.706139,
        "100" : 1.556702,
        "250" : 0.010000,
        "500" : 0.010000,
        "750" : 0.000000,
        "1000" : 0.000000
      },
      "latency_ms" : {
        "2" : 0.000000,
        "4" : 0.000000,
        "10" : 0.000000,
        "20" : 0.000000,
        "50" : 0.000000,
        "100" : 0.000000,
        "250" : 0.000000,
        "500" : 0.000000,
        "750" : 0.000000,
        "1000" : 0.000000,
        "2000" : 0.000000,
        ">=2000" : 0.000000
      },
      "latency_depth" : 1,
      "latency_target" : 0,
      "latency_percentile" : 100.000000,
      "latency_window" : 0
    }
  ],
  "disk_util" : [
    {
      "name" : "nvme0n1",
      "read_ios" : 78474,
      "write_ios" : 0,
      "read_merges" : 0,
      "write_merges" : 0,
      "read_ticks" : 5710,
      "write_ticks" : 0,
      "in_queue" : 5711,
      "util" : 98.271156
    }
  ]
}
