{
  "fio version" : "fio-3.30",
  "timestamp" : 1688477778,
  "timestamp_ms" : 1688477778557,
  "time" : "Tue Jul  4 13:36:18 2023",
  "jobs" : [
    {
      "jobname" : "sev-blk-read-4k-1-1",
      "groupid" : 0,
      "error" : 0,
      "eta" : 2147483647,
      "elapsed" : 2,
      "job options" : {
        "name" : "sev-blk-read-4k-1-1",
        "filename" : "/mnt/a",
        "iodepth" : "1",
        "rw" : "read",
        "size" : "1G",
        "bs" : "4k",
        "numjobs" : "1",
        "runtime" : "30"
      },
      "read" : {
        "io_bytes" : 1073741824,
        "io_kbytes" : 1048576,
        "bw_bytes" : 912270028,
        "bw" : 890888,
        "iops" : 222722.175021,
        "runtime" : 1177,
        "total_ios" : 262144,
        "short_ios" : 0,
        "drop_ios" : 0,
        "slat_ns" : {
          "min" : 0,
          "max" : 0,
          "mean" : 0.000000,
          "stddev" : 0.000000,
          "N" : 0
        },
        "clat_ns" : {
          "min" : 380,
          "max" : 303427,
          "mean" : 1943.741280,
          "stddev" : 12060.590231,
          "N" : 262144,
          "percentile" : {
            "1.000000" : 390,
            "5.000000" : 390,
            "10.000000" : 402,
            "20.000000" : 402,
            "30.000000" : 402,
            "40.000000" : 402,
            "50.000000" : 410,
            "60.000000" : 410,
            "70.000000" : 410,
            "80.000000" : 430,
            "90.000000" : 482,
            "95.000000" : 532,
            "99.000000" : 90624,
            "99.500000" : 98816,
            "99.900000" : 114176,
            "99.950000" : 120320,
            "99.990000" : 144384
          }
        },
        "lat_ns" : {
          "min" : 410,
          "max" : 303457,
          "mean" : 1976.346039,
          "stddev" : 12061.992439,
          "N" : 262144
        },
        "bw_min" : 1448928,
        "bw_max" : 1448928,
        "bw_agg" : 100.000000,
        "bw_mean" : 1448928.000000,
        "bw_dev" : 0.000000,
        "bw_samples" : 1,
        "iops_min" : 362232,
        "iops_max" : 362232,
        "iops_mean" : 362232.000000,
        "iops_stddev" : 0.000000,
        "iops_samples" : 1
      },
      "write" : {
        "io_bytes" : 0,
        "io_kbytes" : 0,
        "bw_bytes" : 0,
        "bw" : 0,
        "iops" : 0.000000,
        "runtime" : 0,
        "total_ios" : 0,
        "short_ios" : 0,
        "drop_ios" : 0,
        "slat_ns" : {
          "min" : 0,
          "max" : 0,
          "mean" : 0.000000,
          "stddev" : 0.000000,
          "N" : 0
        },
        "clat_ns" : {
          "min" : 0,
          "max" : 0,
          "mean" : 0.000000,
          "stddev" : 0.000000,
          "N" : 0
        },
        "lat_ns" : {
          "min" : 0,
          "max" : 0,
          "mean" : 0.000000,
          "stddev" : 0.000000,
          "N" : 0
        },
        "bw_min" : 0,
        "bw_max" : 0,
        "bw_agg" : 0.000000,
        "bw_mean" : 0.000000,
        "bw_dev" : 0.000000,
        "bw_samples" : 0,
        "iops_min" : 0,
        "iops_max" : 0,
        "iops_mean" : 0.000000,
        "iops_stddev" : 0.000000,
        "iops_samples" : 0
      },
      "trim" : {
        "io_bytes" : 0,
        "io_kbytes" : 0,
        "bw_bytes" : 0,
        "bw" : 0,
        "iops" : 0.000000,
        "runtime" : 0,
        "total_ios" : 0,
        "short_ios" : 0,
        "drop_ios" : 0,
        "slat_ns" : {
          "min" : 0,
          "max" : 0,
          "mean" : 0.000000,
          "stddev" : 0.000000,
          "N" : 0
        },
        "clat_ns" : {
          "min" : 0,
          "max" : 0,
          "mean" : 0.000000,
          "stddev" : 0.000000,
          "N" : 0
        },
        "lat_ns" : {
          "min" : 0,
          "max" : 0,
          "mean" : 0.000000,
          "stddev" : 0.000000,
          "N" : 0
        },
        "bw_min" : 0,
        "bw_max" : 0,
        "bw_agg" : 0.000000,
        "bw_mean" : 0.000000,
        "bw_dev" : 0.000000,
        "bw_samples" : 0,
        "iops_min" : 0,
        "iops_max" : 0,
        "iops_mean" : 0.000000,
        "iops_stddev" : 0.000000,
        "iops_samples" : 0
      },
      "sync" : {
        "total_ios" : 0,
        "lat_ns" : {
          "min" : 0,
          "max" : 0,
          "mean" : 0.000000,
          "stddev" : 0.000000,
          "N" : 0
        }
      },
      "job_runtime" : 1176,
      "usr_cpu" : 6.292517,
      "sys_cpu" : 91.496599,
      "ctx" : 673,
      "majf" : 0,
      "minf" : 14,
      "iodepth_level" : {
        "1" : 100.000000,
        "2" : 0.000000,
        "4" : 0.000000,
        "8" : 0.000000,
        "16" : 0.000000,
        "32" : 0.000000,
        ">=64" : 0.000000
      },
      "iodepth_submit" : {
        "0" : 0.000000,
        "4" : 100.000000,
        "8" : 0.000000,
        "16" : 0.000000,
        "32" : 0.000000,
        "64" : 0.000000,
        ">=64" : 0.000000
      },
      "iodepth_complete" : {
        "0" : 0.000000,
        "4" : 100.000000,
        "8" : 0.000000,
        "16" : 0.000000,
        "32" : 0.000000,
        "64" : 0.000000,
        ">=64" : 0.000000
      },
      "latency_ns" : {
        "2" : 0.000000,
        "4" : 0.000000,
        "10" : 0.000000,
        "20" : 0.000000,
        "50" : 0.000000,
        "100" : 0.000000,
        "250" : 0.000000,
        "500" : 93.592453,
        "750" : 3.095245,
        "1000" : 0.331116
      },
      "latency_us" : {
        "2" : 1.333237,
        "4" : 0.010000,
        "10" : 0.040054,
        "20" : 0.013351,
        "50" : 0.027466,
        "100" : 1.121521,
        "250" : 0.441360,
        "500" : 0.010000,
        "750" : 0.000000,
        "1000" : 0.000000
      },
      "latency_ms" : {
        "2" : 0.000000,
        "4" : 0.000000,
        "10" : 0.000000,
        "20" : 0.000000,
        "50" : 0.000000,
        "100" : 0.000000,
        "250" : 0.000000,
        "500" : 0.000000,
        "750" : 0.000000,
        "1000" : 0.000000,
        "2000" : 0.000000,
        ">=2000" : 0.000000
      },
      "latency_depth" : 1,
      "latency_target" : 0,
      "latency_percentile" : 100.000000,
      "latency_window" : 0
    }
  ],
  "disk_util" : [
    {
      "name" : "sda",
      "read_ios" : 3879,
      "write_ios" : 2047,
      "read_merges" : 0,
      "write_merges" : 0,
      "read_ticks" : 645,
      "write_ticks" : 1889,
      "in_queue" : 2534,
      "util" : 79.099678
    }
  ]
}
