group,name,result
randread,blk,1.209520322850909
randread,nvme,1.00293190485645
randread,scsi,1.1849019032402808
randwrite,blk,1.0750105572239552
randwrite,nvme,1.1820459164055772
randwrite,scsi,1.1682579254502612
read,blk,1.1827427405410886
read,nvme,0.9387608766821158
read,scsi,1.1419618013044857
write,blk,1.1062752916352072
write,nvme,0.9000952362671615
write,scsi,1.1366162196204717
