group,name,result
read,blk,0.40077220064044417
read,nvme,0.6574585633669151
read,scsi,0.2769440652650754
write,blk,0.6953124999728024
write,nvme,0.9123055160917339
write,scsi,0.7401055407475245
