group,name,nosev,sev,result
read,blk,2068866712,829144265,0.40077220064044417
read,nvme,2255760134,1483068817,0.6574585633669151
read,scsi,2644684295,732429620,0.2769440652650754
write,blk,2010752479,1398101333,0.6953124999728024
write,nvme,1664716006,1518729595,0.9123055160917339
write,scsi,1913978295,1416545941,0.7401055407475245
