group, name, result
llvm,nosev,392440.6614303589
llvm,nosev,393833.562374115
llvm,nosev,393260.6472969055
llvm,nosev,393864.2716407776
llvm,nosev,393140.7172679901
llvm,sev,770085.2224826813
llvm,sev,771373.2392787933
llvm,sev,772916.3014888763
llvm,sev,771542.7708625793
llvm,sev,771219.0172672272