group,name,result
mixread,blk,0.8061186326562324
mixread,nvme,0.9577970297172197
mixread,scsi,0.9088252009382377
mixwrite,blk,0.841954445253004
mixwrite,nvme,0.8387404102075232
mixwrite,scsi,0.8367129892587724
randread,blk,0.7808623744875506
randread,nvme,0.8262272892733141
randread,scsi,0.8376374940169663
randwrite,blk,0.8089176503803714
randwrite,nvme,0.8699060403167594
randwrite,scsi,0.8403913551321595
